time,sine,square,triangle,target
0.0,3.023765226033985,4.451687012123534,1.375316676547494,2.9354984392286383
0.01,2.907587554724384,4.418556091275276,1.5427730133853312,2.8760709128226662
0.02,3.2991484401127056,4.588896126080808,1.5071131402688127,3.056470358825787
0.03,3.430528864878734,4.560685643108773,1.8872613427614526,3.1254996350322504
0.04,3.06122926663121,4.3041202015412185,1.8215260908591464,2.7157451373397854
0.05,3.264172882860495,4.695550489220919,1.606613497848755,2.9869746855565915
0.06,3.591750284145794,4.507092893615483,1.6692079595122613,3.0574096829386725
0.07,3.6132199979051602,4.349630490653107,1.86008059319244,3.080158867427495
0.08,3.7524759982861133,4.705788330912522,1.714206549990477,3.195861570745861
0.09,3.7045797412173815,4.618579479318349,2.1005896179280468,3.296618788142374
0.1,4.069586235468652,4.325840707904012,2.035554463875109,3.2995653359558634
0.11,4.133572051219092,4.796913883571074,2.0829395381938944,3.4646922386977197
0.12,4.094587145499807,4.6237090656054,2.2164037950838518,3.551870157697528
0.13,4.338585238752899,4.520101769617417,2.447155585514511,3.643928362511362
0.14,4.298991622959359,4.767958686638414,2.2620441479586786,3.5595649173913917
0.15,4.146351285325585,4.546351359529999,2.280686558990344,3.49254542465773
0.16,4.4026231180143744,4.517331608846931,2.605592517744569,3.906959019668298
0.17,4.239272340121867,4.419419895721947,2.582905988786476,3.628339131875812
0.18,4.583291232133471,4.611792263057741,2.4401151651186517,4.070287934325641
0.19,4.473258647253383,4.595492543788902,2.556813366207794,3.8794523718891947
0.2,4.485878752645955,4.523954365539299,2.651660281664456,3.9354056294839648
0.21,4.43388364867983,4.3993353347335855,2.742688465955074,3.8881622739029176
0.22,4.764608024720294,4.541803136185498,2.530813577441973,4.171230422242743
0.23,4.5573418292199905,4.510871079581805,2.565222863685287,4.075638562594954
0.24,4.522546994349089,4.315165130106335,2.7347813270834713,3.9796289842018
0.25,4.538094757109391,1.1963324371470774,2.786632892509993,4.314954635185151
0.26,4.678246205809595,1.5117981574710875,2.9024870959858124,4.353911791954786
0.27,4.641618689792301,1.0213171079030736,3.17223519333483,4.083932676024562
0.28,4.633354929922698,1.456084634061766,3.107368455407518,4.271345947408088
0.29,4.614075211343319,1.3502317015115437,3.230359439079172,3.9999537863081738
0.3,4.862957466046362,1.6268813112979437,3.06632865989098,4.491263659721886
0.31,4.415479202823349,1.3478489967871043,3.2531735649691913,4.2444336762942925
0.32,4.357888914219112,1.5264072127493806,3.4860183146031782,4.216881626425442
0.33,4.2627916221758895,1.362802411454063,3.5515367090190524,3.995560498045305
0.34,4.442693720910798,1.4418888445857032,3.403764683393356,4.165868146794195
0.35000000000000003,4.468607509201619,1.5383867978427666,3.610468650075146,4.078332779403912
0.36,4.204749610090145,1.3526364272642795,4.002135357856941,3.839611932879997
0.37,4.019711131721174,1.5786094860701099,3.7102243198205804,3.909504615716556
0.38,3.950253748414486,1.2703782223928135,3.665935920598673,3.6953788423748977
0.39,4.112955723905712,1.4698963359543442,3.813691597820872,3.9579223893384388
0.4,4.0475201660743565,1.5671622145785313,3.9207110815035957,4.077663967747104
0.41000000000000003,3.9308743315722334,1.526492899069293,3.9458861687988604,3.841835566520365
0.42,3.6473338802354913,1.7210732274708116,4.029422573992128,3.451374080779223
0.43,3.7021048279766258,1.3060384602417738,3.8667748048071715,3.4112483970228347
0.44,3.589942357238808,1.2106832095478164,4.008325964370712,3.4613090586419153
0.45,3.5106738635248784,1.2702795341055952,4.2033079868120975,3.3099354410121
0.46,3.518691773744343,1.5265556331636665,4.265029330584378,3.485017201840782
0.47000000000000003,3.314323125205275,1.5013861508767286,4.264881272737545,3.1521980946888037
0.48,3.28755368276206,1.4401091522090452,4.391705368835051,3.207147458419183
0.49,3.0871004318242212,1.2503598012674924,4.494239419904565,2.843041685624593
0.5,3.02123716744074,4.640445899327943,4.6916486209829635,4.280651574011225
0.51,2.974925265183867,4.332010313665222,4.468490283409929,3.948252046777696
0.52,2.535063381581338,4.701167844675856,4.484289938216952,3.5625228626293004
0.53,2.6188589071438866,4.964213509945024,4.26883283177953,3.8429741184388946
0.54,2.4950649473436,4.578433286009252,4.383527005142419,3.463577735608652
0.55,2.3699761207806986,4.611987043008794,4.287688388761475,3.297023068191898
0.56,2.333129053384929,4.445351451140931,4.302165729062727,3.129877316052562
0.5700000000000001,2.5265763592822426,4.241332364754005,4.213399539229533,3.1708352257583066
0.58,2.053221622907153,4.428337450617754,4.129073888524166,2.740822057653639
0.59,2.2628512476457034,4.352423710797412,3.9543634881605763,2.9346896647979315
0.6,1.7489416469598686,4.297582652410211,3.945260643788803,2.2061391118927176
0.61,1.8869678082145742,4.788423438771418,4.0125266845313625,2.5107374639037334
0.62,1.891247821015913,4.563939176618228,3.672542865151746,2.3316828418594078
0.63,1.8878853356822933,4.580483217992862,3.6120644193778246,2.3415115236268793
0.64,1.8408107640829305,4.473822425454616,3.6779274253755747,2.45152357923664
0.65,1.7917142625404652,4.494908230606493,3.6512260958216,2.273180748656065
0.66,1.549376525023787,4.671061207065383,3.3877693337889427,1.8869319181644304
0.67,1.479129117434737,4.516672783366496,3.4439104814714088,1.9379629418425817
0.68,1.6469011077261728,4.6038696346661325,3.3765373296578094,1.9301973312212923
0.6900000000000001,1.4363968588008709,4.49132558002376,2.9713560352109027,1.5005960769983346
0.7000000000000001,1.2261506784004055,4.468691487340022,3.227789999796071,1.3996627798608343
0.71,1.2208235686554647,4.303791470819947,3.1735162534014494,1.433978798702681
0.72,1.2332702786316885,4.215386035603178,3.1087563339073596,1.576709795440388
0.73,1.4469454410569758,4.4811726470524285,3.297778143993892,1.8655021117832467
0.74,1.3798681370385695,4.530430512160547,2.8105682461551016,1.7006142542895004
0.75,1.4654989022678802,1.2250891335730518,2.8091501456937467,1.571906315363687
0.76,1.2875351598428146,1.4189334847509647,2.457597251808265,2.0113880919929477
0.77,1.3920620350368582,1.4325973028125742,2.7358216245904927,1.7177003208041994
0.78,1.483689453628741,1.0903707747241158,2.6852435927917675,2.045313597717227
0.79,1.3543671571760558,1.2825468889197862,2.6025878576288353,1.820930437601786
0.8,1.5069465427594628,1.4873457479858891,2.798270435694187,1.8887106508362215
0.81,1.3601189161985316,1.4842165658752617,2.694285001782567,1.8180594219977744
0.8200000000000001,1.4489976704604386,1.2456025125272197,2.5042100016948625,2.14316780603274
0.8300000000000001,1.4921949480807237,1.448811536018943,2.3678570777948487,2.1181238766976747
0.84,1.4120769310810504,1.5826132487311428,2.5280477754521007,1.9744548167276275
0.85,1.742057308570814,1.5446182300052507,2.2956774796584942,2.2911366552764836
0.86,1.649455454643261,1.4095156722556577,2.10307116152888,2.5844197785161187
0.87,1.7948959655228718,1.351796937177724,1.8944801342967117,2.91634521804479
0.88,1.9427879463770905,1.3268057821710286,2.0350860076853188,3.0644344325383446
0.89,2.013619067870208,1.4967240634457863,2.163000069664742,2.7317934328320366
0.9,2.1295447574782234,1.4544884538333647,2.3432936728406695,2.844235871265612
0.91,2.08995109157383,1.5217486785428105,1.9230628823854325,2.981249909706094
0.92,2.1249469551815756,1.4446959729475188,1.7258839290614052,3.3036303897698542
0.93,2.2713569122416764,1.5510749309819771,1.5941689510588632,3.4246009382050993
0.9400000000000001,2.104242171539065,1.438922205756752,1.809018047690993,3.244343714489002
0.9500000000000001,2.2389781552130343,1.54579768544561,1.372452831669967,3.672096268150851
0.96,2.3569205346146096,1.559137301847438,1.6801957346039114,3.5640293466307154
0.97,2.509038040856037,1.2996752511936822,1.6588809331310443,3.6386333558492474
0.98,2.8360329899425274,1.144244609142031,1.5333012581890504,4.182154734220479
0.99,2.7258473596285646,1.6633139946459847,1.3636067520918431,3.936083010218061
1.0,2.9130846883802453,4.561429689413209,1.4254140821704806,2.693771994483721
1.01,3.2867250684990683,4.256157710522952,1.426377942463861,3.0187778210454823
1.02,3.1197730075522596,4.411131327146269,1.3381411659724982,2.8617824512107624
1.03,3.3976188354237307,4.641221335328506,1.8248406005684004,3.1632366063453534
1.04,3.226131412342355,4.478367180383301,1.535236328113659,2.956316066911322
1.05,3.441931864934329,4.442377683643192,1.7807014950309927,3.098858780516062
1.06,3.4170512735543332,4.73863599605399,1.3316341693271516,2.887485760124707
1.07,3.609526136134146,4.359487055182154,1.989732843596273,3.4304521237123207
1.08,3.8913955280242334,4.398070507482905,2.084916980537842,3.5897093404493745
1.09,3.5628777665142835,4.554418356560399,1.9179562458816592,3.084573705925466
1.1,3.9974651825113967,4.582150762138411,2.0672406554675415,3.4577284661896046
1.11,4.046040190035349,4.59854969608585,2.1314813446037926,3.3915903518870545
1.12,3.987585638886923,4.662804656944654,2.0027090176359312,3.502471612886131
1.1300000000000001,3.921507162968914,4.5524347988874165,2.258214069746634,3.4951075071397866
1.1400000000000001,4.2349088029446325,4.597471938118979,2.1046202837945454,3.7191908278156656
1.1500000000000001,4.1998049428435476,4.481537001647974,2.2010226709364273,3.879241935248939
1.16,4.380568269509312,4.531390958244225,2.54423931377562,3.876525233440069
1.17,4.398228975596465,4.538334708925527,2.5840481599196017,3.8759452503586047
1.18,4.7005277014630025,4.554993182990382,2.3781803423234766,4.175759201957344
1.19,4.442556043411075,4.641324403943225,2.4380908501979706,3.9383208078041374
1.2,4.349953499661273,4.607656486302771,2.51651139767722,4.151802251980204
1.21,4.573304956671086,4.528528751660708,2.802281978267702,4.4790522528471435
1.22,4.602116458252181,4.396371172198107,2.588123229230078,4.442965412309196
1.23,4.802683774516908,4.532161121803245,2.870432435602421,4.513352351863547
1.24,4.727324100631628,4.5173417203683375,2.9974105642155475,4.536042504937752
1.25,4.653009608146489,1.4541907319878151,2.927489273563282,4.385384690622269
1.26,4.829140856632488,1.765998103022641,3.1682743179630184,4.771797174010523
1.27,4.389714150531322,1.343155715663389,3.021330309494679,4.322133483502948
1.28,4.462769214368333,1.4896726953340749,3.100148572918709,4.524266029006132
1.29,4.394069494109438,1.5897457810336544,3.0417500580473416,4.3993915110887585
1.3,4.452661049723954,1.4394502180162654,3.426544737313077,4.286974174942394
1.31,4.258218501004837,1.7863356563170154,3.2041782547081246,4.315209180955691
1.32,4.543857484173417,1.3657255206982275,3.4478532672846844,4.478092378285739
1.33,4.358669537194273,1.474464452418362,3.444464348984768,4.139071523952394
1.34,4.104469305209319,1.300561247057726,3.3510199775671796,4.084219205572617
1.35,4.121020486033595,1.3698318409810986,3.486603149578331,4.099374815096388
1.36,4.274032166977005,1.462825118353312,3.871004392711938,4.019643594701854
1.37,4.291725789279406,1.5553400794470842,3.7454596640311437,4.069056273605392
1.3800000000000001,4.4075133552732115,1.473690969448955,3.615159176498764,4.370176996639394
1.3900000000000001,4.479784506666411,1.6192722558015835,3.8906836325302185,4.533102889547296
1.4000000000000001,3.994221296702302,1.409565304570814,3.8824166196281964,4.037686210425187
1.41,3.682456881111033,1.3728295444567753,4.525260460964192,3.5770359589948604
1.42,3.4096389067659665,1.8430399068495333,4.0802821045076385,3.594414985883683
1.43,3.7078667636591973,1.4853283681751468,4.037575090498535,3.6067933122238003
1.44,3.4392692363691784,1.3128462183655254,4.391229925149132,3.3364676374493083
1.45,3.407908261994333,1.316751706902629,3.9314440097636676,3.2428804367325537
1.46,3.2782432373396175,1.2782793952378628,4.306746314466028,3.06335117840254
1.47,3.2552636884248645,1.5693195025804516,4.676384108783885,3.1173140032892763
1.48,3.3502891119219735,1.3678413600767751,4.401478501680678,3.0049335277657514
1.49,3.1016015703080497,1.4439973002590873,4.205884753924486,3.0677532066191797
1.5,2.9486655499920476,4.511845231709328,4.485090058722782,4.089049194813173
1.51,2.7047487577792495,4.6349673762800325,4.718181673103128,4.0527081158372855
1.52,2.499806774207112,4.390545240350605,4.480588333263897,3.3889875071199445
1.53,2.591850576788233,4.355106523955437,4.221062481393533,3.395028603298387
1.54,2.5625855093167567,4.5564178624424425,4.181467026710724,3.594200884854743
1.55,2.7600694314097547,4.614751657802202,4.13736047315107,3.8294573964829866
1.56,2.39883865161521,4.5731802623200934,4.221071158403439,3.0655553277593977
1.57,2.4435591365842213,4.396320414325838,4.313797381986726,3.2758440850017627
1.58,2.112629381024676,4.626603202346409,4.2035905455043245,2.851423571689045
1.59,1.9138588773254281,4.406478798546752,4.0434628264930925,2.603326579793615
1.6,1.8652744310257847,4.440909941837588,3.6918964792208224,2.2663511014474347
1.61,1.8237016725234436,4.3754903756646675,3.6282112480336965,2.062507878767919
1.62,2.2098494703377725,4.723191774791961,3.8630301996855807,2.8083513361430823
1.6300000000000001,1.6597412903955546,4.619779100789673,3.4968291066340114,1.8547193429841111
1.6400000000000001,1.861437379586219,4.6153764191311275,3.6125209419539206,2.3937269247719835
1.6500000000000001,1.5167835796207776,4.714836991942985,3.6333671245802557,2.0601669247965733
1.6600000000000001,1.7568861261392532,4.957276992008622,3.337390477856533,2.178805424600246
1.67,1.6164592123084163,4.25697229660895,3.291321581551578,1.5657988341373934
1.68,1.4824533880931452,4.407328161501042,3.3765176770482213,1.8361304452230178
1.69,1.4607965427276275,4.426253557550496,3.4083004262123446,1.9867007560774175
1.7,1.3267853884789527,4.389914061421091,3.433670604145262,1.7855621557597015
1.71,1.4768047703253568,4.354795085527015,3.2963541670327117,1.688159910648376
1.72,1.3085509790507799,4.4752734529754115,3.1463530808517297,1.6186407630683273
1.73,1.1677209424756405,4.3332649285246365,2.9503174618483765,1.2852906461481663
1.74,1.1496568859221015,4.573568995483436,2.8338529326374258,1.4655782569131526
1.75,1.381558535814461,1.4322791615770818,2.859570461265923,1.6398304836084305
1.76,1.6127216361777987,1.4987697284106418,2.943267409191983,1.7838640360375448
1.77,1.392297361373472,1.5029047353841458,2.867204053468384,1.7353315814096253
1.78,1.3630655093797739,1.5176605406521748,2.411361568578283,1.7718463958472928
1.79,1.450832227862512,1.3664426256669908,2.558281646714576,1.9625676609857825
1.8,1.6445884366125187,1.7527749723585422,2.8138314879438857,2.07225298916525
1.81,1.502960622730431,1.4605790646955186,2.5687100963090677,2.130728034502534
1.82,1.4412383939379825,1.1358288416943927,2.263978344864509,2.091908885151013
1.83,1.7333730070385602,1.269034277304724,2.8060073684781024,2.26091662054319
1.84,1.6753900526833507,1.1547202075874183,2.358483395777868,2.5734932468285194
1.85,1.9120432287222888,1.4269572424220942,2.360616859358592,2.433320047437476
1.86,1.7552342564163603,1.4054085961352996,2.2987762830862453,2.561051890984666
1.87,1.5944100529633465,1.3517273408037598,2.111214794152815,2.646965999941541
1.8800000000000001,1.6431188915035781,1.7357055752934891,1.9890828638045877,2.653708320442423
1.8900000000000001,2.208826647548925,1.5092938247530212,2.382688182253773,2.8381217795136657
1.9000000000000001,2.3010699594424113,1.536723773120321,2.1386633399331263,3.0436029129315716
1.9100000000000001,2.0768172152289255,1.2800768872968584,2.0452508406364283,3.1075297483798137
1.92,2.1314481097333298,1.2695346410597868,1.9414922906051748,3.0625468743806143
1.93,2.521147191551383,1.4299727040579338,1.6233605754886788,3.6094844762300924
1.94,2.1982948682046537,1.4510663081433863,1.925621273439146,3.0993950966254626
1.95,2.328508309512994,1.1367848854730893,1.52053937338832,3.664218695416689
1.96,2.6755723862800496,1.3963483984969818,1.6372782595765702,3.792529809949668
1.97,2.606713684692175,1.4264519705383352,1.2640136270626259,4.015263712758674
1.98,2.770407782953625,1.3909523814939515,1.1352139491610833,4.136898042317539
1.99,2.84611593513256,1.2983025136112563,1.4500582077471826,4.016771531745896
2.0,3.0290907360650605,4.438122810730488,1.2045996634970346,3.010583534262678
2.0100000000000002,3.3042707120081745,4.494290590195785,1.0792391652351212,2.9356377604879498
2.02,3.1921978854010336,4.5357430832352215,1.5500675681994451,2.925079433131721
2.0300000000000002,3.3824519930148913,4.61534516734636,1.8681775377490655,2.9798983489355506
2.04,3.0451612420186156,4.689073491198139,1.8150613991863107,2.8238167499885405
2.05,3.4673327695468084,4.476095093244812,1.6146824521603045,2.9126358568521837
2.06,3.4343599932079316,4.451035748551673,1.7217378846512825,3.171200825421146
2.07,3.466932160731721,4.589460760382697,1.927256613033778,3.0241603077832595
2.08,3.612868942737899,4.616282649650724,2.0292110545948847,3.310060035322397
2.09,3.788685922811249,4.45443604657452,1.857954080615053,3.2697114435827586
2.1,4.075502864047126,4.644089409062921,1.9829361407083632,3.352117820392654
2.11,3.7925276310749774,4.673389630874778,2.0900355900176475,3.4023253050043625
2.12,4.088849673119099,4.721724860377487,2.19501766453447,3.600963859624691
2.13,4.077409202415888,4.797090136392088,2.148903060122084,3.5194082823188593
2.14,4.170109144610587,4.387498622531275,2.21527261001179,3.6731600672037303
2.15,4.44815077799746,4.523833267632337,2.5205979418882944,3.819629301226821
2.16,4.430073593789645,4.523427427750663,2.55750990035882,3.872845730425013
2.17,4.611451521954315,4.506492152346208,2.504138303242038,3.9400899821237796
2.18,4.415870624396863,4.421129230869276,2.7679666634582443,4.026907632254927
2.19,4.368552821765785,4.2916112478625426,2.4938763018073784,3.809048550402168
2.2,4.479558241375537,4.536034150158153,2.881080846853318,4.254008540950684
2.21,4.5835517867502755,4.402685289258457,2.771728173355025,4.1383820318737445
2.22,4.595078443385123,4.534998691965436,3.2744939637792716,4.349549888613296
2.23,4.4066311569312395,4.398706996385648,2.6214698746903657,4.121698183612622
2.24,4.606636500742464,4.351376305984148,2.7666080157053075,4.151722363268499
2.25,4.632159306413172,1.4605585047029106,3.0089734175773906,4.288437674625811
2.2600000000000002,5.0,1.4476459001993032,3.069789827434186,4.50930893730207
2.27,4.886585177097885,1.5139862584036472,3.383630466703073,4.601585556689868
2.2800000000000002,4.428166646052586,1.7627982417138863,3.0271053043642366,4.024097864419798
2.29,4.497669272023069,1.467216565009999,3.3442224307976702,4.054147563885751
2.3000000000000003,4.2786476758995935,1.4993974340307465,3.449892798327471,3.9480308790334133
2.31,4.38560931599719,1.2573902551299319,3.440601639093416,4.0879080111485795
2.32,4.4920657553666565,1.2249687367225677,3.237206906274887,4.2260648515077595
2.33,4.590130905879779,1.669406068633893,3.6821583585902657,4.309030732213564
2.34,4.224687036477508,1.2812529279790787,3.717765035358086,3.8651931392623733
2.35,4.179601174440883,1.2625965736082967,3.6808447140115903,3.847805023612961
2.36,3.875187374968807,1.4182173552684365,3.681610176520139,3.633532700691264
2.37,4.129518212396643,1.4103044851253896,3.7493889645310117,3.673776530975394
2.38,3.9116897427327277,1.2845010674696944,3.7646809951079283,3.5816779511578227
2.39,3.9216971278622954,1.3770412934748626,3.9445930623225767,3.626355196942133
2.4,3.784933342887026,1.614666544247425,3.9109013156033936,3.7093485266142725
2.41,3.8275623668585053,1.2994480596135267,3.8338178156644926,3.5838716718780548
2.42,3.470308025010473,1.2084339904777324,3.8659480045235615,3.233395208369842
2.43,3.426698903894771,1.570252482985129,3.977887600640392,3.4120210840215495
2.44,3.916136544385941,1.500514846484583,4.198722681970746,3.836443273157415
2.45,3.2665646725367408,1.328172647309674,4.222974909003501,3.206870639347025
2.46,3.1996853011479645,1.1792417648259386,4.326195359305339,2.908769810318102
2.47,3.575808301429726,1.308952495840063,4.436353376989203,3.2845897271208275
2.48,3.648366724822902,1.41580052264466,4.319338946309587,3.599029170707891
2.49,2.8862607738030994,1.6048007372172683,4.719972263277734,2.8877640290756577
2.5,2.9146914756082785,4.3611449694970315,4.505693524516805,3.776613153654485
2.5100000000000002,2.9279656450010028,4.508591217429084,4.414780383916941,3.8622756813459564
2.52,3.0514237427060187,4.626240777367242,4.497673897464707,4.085711368806447
2.5300000000000002,2.5107220023738135,4.152892993981192,4.0607349645381925,3.0857781947362044
2.54,2.531548118283857,4.681783735208634,4.1645461843912726,3.329540438111802
2.5500000000000003,2.5995150861248186,4.3385542398393095,4.384969661638929,3.502061053959589
2.56,2.448190377935023,4.573097124841572,3.8838134797475963,2.9739287433840884
2.57,2.223310521431528,4.559884767065578,4.278342440823619,3.0867669883869424
2.58,2.171864867967928,4.689651186717434,4.277307884526248,3.0340149219065835
2.59,1.8830716154254392,4.607002731672955,3.9108064692823103,2.56704911676517
2.6,1.98309672374434,4.153508890127123,3.9527934333492367,2.5826133108405163
2.61,1.8980698299727496,4.400141761491424,4.02145834518477,2.775411500089251
2.62,1.9024988396142333,4.543084731456933,3.702319062448439,2.5165844522627134
2.63,1.7028639765444034,4.491484231088934,3.852507830416795,2.3882413388062336
2.64,1.8019623320423168,4.595648616371308,3.540913939183661,2.47650373352862
2.65,1.8272693317901099,4.643930369339417,3.5077359299420725,2.376764714497493
2.66,1.6310894320749125,4.615912016882849,3.3917499902335013,2.3044208675447386
2.67,1.6110790672398911,4.48849599776384,3.510990114812175,2.4589660467853847
2.68,1.5164564949801325,4.2357378740226945,3.577734211712164,2.250673707798465
2.69,1.4674169759017868,4.451140277911485,3.2977737717552653,2.2014528584737745
2.7,1.315963310097932,4.586163952570265,3.058784265939771,2.0873310763084305
2.71,1.455802890438529,4.352802831790613,3.024802064923336,1.9867904063496065
2.72,1.3665261788511174,4.619446623301824,3.19793004201883,2.1954970690201954
2.73,1.7056249603137148,4.6623640897601515,3.3665921609160225,2.7070917089593447
2.74,1.611791892916615,4.5413287870301335,3.0692259066678758,2.3075911325516563
2.75,1.4161233100362949,4.047191998368135,2.8794946934086028,2.194142754290609
2.7600000000000002,1.2331082480127125,1.226334550932088,3.000518132521368,2.169931571170351
2.77,1.1860673749272364,1.7163875119537741,2.77461859204153,2.242444071432178
2.7800000000000002,1.575353720971525,1.3396300885076977,2.6880331558774775,2.4294506292920897
2.79,1.4470919416203765,1.1169875443355997,2.530514786808639,2.2160873722961165
2.8000000000000003,1.510734034771989,1.6155758922972783,2.846605774409702,2.408164850763975
2.81,1.1846423167405233,1.4263410072314284,2.147917704329827,2.6334610561407317
2.82,1.6581595456231,1.5953952092060923,2.6199176502020487,2.5864520201554395
2.83,1.6277187477740123,1.4671653252065344,2.35289036352994,2.5334641532099758
2.84,1.4259199412916919,1.4952898632833236,2.2971908547055735,2.6123910098011778
2.85,1.5867049009844578,1.4804920127569878,2.570815342858439,2.3992371297574975
2.86,1.7682788333776442,1.5322929229845055,2.1198067604250745,2.9952070181601593
2.87,1.801374702702615,1.7769792114332903,2.0609988617801056,2.725570463943439
2.88,1.8175140937372833,1.574652771851051,2.0850522963789517,2.8908206814538713
2.89,1.924472394313201,1.1795248212104137,2.108232576684393,2.9141219581384865
2.9,1.9808594427027146,1.4934472738365154,1.9064354084173638,2.967660761584299
2.91,2.130640732715312,1.601054217264473,1.6602355859241733,3.3569229652510115
2.92,2.432052918093232,1.6105353897932013,1.7097584096541536,3.3387403645354516
2.93,1.8682758007979916,1.3582041321097729,1.9905143454222043,2.9751302844171224
2.94,2.33933538531801,1.604688046584004,1.7323333715415716,3.17675240115769
2.95,2.5021338671427067,1.5679524682273378,1.72852636106713,3.199195132078815
2.96,2.619276987061858,1.822679454682855,1.5497412239150479,3.3284623845357295
2.97,2.6103913479476493,1.3081195439470479,1.4214867290380715,3.6259067997610774
2.98,2.486509990668709,1.3456912853419725,1.7327821647305623,3.47910124448597
2.99,2.925767841088035,1.3768638383507472,1.368664093421772,3.6788869996585043
3.0,3.2543443682551696,4.4457599402579975,1.26337402726229,3.19140542810939
3.0100000000000002,2.8275403513121087,4.383842966702223,1.5750624015370227,2.861161717550705
3.02,3.31752445623726,4.093824154528821,1.34710260944621,3.1294301254540287
3.0300000000000002,3.224835870264135,4.4543587599725925,1.4318956170888668,2.944747556423485
3.04,3.3675119579628983,4.5788834808409025,1.5933994805346692,3.13407165058482
3.0500000000000003,3.304576130103917,4.445295376187383,1.6560780049880077,3.2404821605957546
3.06,3.516821656899847,4.8214141260522725,1.7620371196124585,2.9137088432215705
3.0700000000000003,3.875186420700442,4.5237523638534824,2.120738875793693,3.21356166668568
3.08,3.8496353706152364,4.721623046946937,1.9029166269663993,3.303080456095674
3.09,4.123611919446148,4.562167133065524,1.5309978135290665,3.1677762329983694
3.1,4.117888071707755,4.649666886178956,2.029881340847433,3.3760873473434514
3.11,4.078674997565245,4.564927100532634,2.047812919510047,3.448935011700431
3.12,4.366540340017705,4.733665085090303,2.1129898543453716,3.4880126730362964
3.13,4.227034593152295,4.530344196397354,2.209813888160678,3.4810793945656773
3.14,4.357417719222587,4.59851526432778,2.229962120742133,3.5642160696194183
3.15,4.237556698581213,4.578414978325485,2.2903976560523356,3.630831220315544
3.16,4.3536419993672135,4.477033958780393,2.461653435060005,3.529977299114743
3.17,4.281649351587852,4.58440062451745,2.3403014372601065,3.4437125178809276
3.18,4.601303674846612,4.867721163073001,2.339400601924591,3.5156482202354815
3.19,4.290372168180851,4.479804360614867,3.0419152114663572,3.7360338303963085
3.2,4.642643747564263,4.586643546697698,2.505220163268256,3.5545723841726393
3.21,4.51334755980652,4.71647358961768,2.700636910421557,3.6657741489858746
3.22,4.756294298029574,4.698272340784168,2.508465943352972,3.726311494067388
3.23,4.704088026616881,4.523495372667952,2.8318241041718744,3.7219228639763675
3.24,4.887058742739855,4.152564457646461,2.727415350688756,4.002446177629045
3.25,4.7136115839139165,1.5042945992937085,2.8705633162702213,4.063485612492489
3.2600000000000002,4.3371750769634625,1.0805417300892077,3.173899131685941,3.631425483240617
3.27,4.571536121310503,1.6519224047412728,3.146088396238971,3.6864384551213116
3.2800000000000002,4.3765016795267755,1.4505191094040966,3.2258621103083107,3.7674884363587657
3.29,4.4602457710508485,1.5790925478481552,2.9141573253571167,3.775868032492042
3.3000000000000003,4.760779675168555,1.284562298315062,3.5582770921413065,3.9046863525888247
3.31,4.584681521604881,1.1838351504209637,3.1358208434826027,3.8437782656773103
3.3200000000000003,4.327630734106162,1.464655759983271,3.637289980941225,3.6148762584450913
3.33,4.2303847689605085,1.4190684427112423,3.6200918741954964,3.4421230391459323
3.34,4.348169604485291,1.3481474913844371,3.6129869469360694,3.4557238205040037
3.35,4.088445649147491,1.437384148640468,3.4470888604111707,3.4348976119112513
3.36,4.1144402820418104,1.8528665559782218,3.673131753061088,3.6015914234306075
3.37,4.206453187476108,1.5535159359946409,3.6373731897311816,3.5279407984843676
3.38,4.2711369183149674,1.586808901970896,3.7820009826376606,3.7777107613598844
3.39,4.106175740622746,1.5549734747388597,3.8014603981413084,3.5800796481902797
3.4,3.55568396333354,1.6533975319208951,3.57828389200104,3.3035358042349277
3.41,3.8921718547021418,1.3948361431278578,4.1504553876677,3.354994414151225
3.42,3.7668742542505775,1.1060508925403654,4.0214271297147794,3.384941916133439
3.43,3.731559300272914,1.3950662093022805,4.020833608898285,3.294744720146968
3.44,3.832983883476783,1.549986464508477,4.072977911689161,3.3507365671954883
3.45,3.1408211387539264,1.2740792352566155,4.284912905884781,3.1338329623365353
3.46,3.281645825133961,1.396958753994165,4.147957960879545,3.1747821137935204
3.47,3.373856536281746,1.3171379566888797,3.993453551654789,3.1655475029495004
3.48,2.921172516475207,1.6568925092161306,4.485579848738963,3.04981863895314
3.49,3.3153678141400658,1.540341337465342,4.567856252552442,3.1785298949060636
3.5,3.034079866234031,4.6225852101013345,4.516634127555507,3.705763592565467
3.5100000000000002,3.0098202148831588,4.617948497232767,4.299960882667237,3.496309423264591
3.52,2.6786998781257507,4.515912039175971,4.434444594225204,3.613266857850122
3.5300000000000002,2.8025650518570515,4.55227646895707,4.120513481848921,3.321995931750823
3.54,2.7444794797599594,4.338130822845525,4.126508044956395,3.4446178116659687
3.5500000000000003,2.5112695544113297,4.1830656778183215,4.106666286026986,3.1293747863628014
3.56,2.4157153633823727,4.544923972614505,4.298649846571189,3.3008254997865376
3.5700000000000003,2.328094567900575,4.571857350466625,4.040470005014649,3.149174624040528
3.58,2.0536245274696627,4.708960147257123,3.9624872615831745,3.0554619356801815
3.59,2.0820022130260836,4.765034270282851,4.284307522181987,3.0239051313510945
3.6,1.9969789976808408,4.7648271572679874,3.962540118738812,3.029166879075647
3.61,2.003385827257163,4.367116521908731,3.8960939465802755,3.0091513600343074
3.62,2.0269195907858615,4.467125415406425,3.717921613539452,2.819919476283298
3.63,1.6213043212693061,4.5960704161770884,3.6172127670593635,2.633532528175895
3.64,1.705274423046887,4.913797964920168,3.2974051946811818,2.5121656629560376
3.65,1.9032422598887817,4.750904418604472,3.740169751798699,2.7945919437561644
3.66,1.4853774477261241,4.695042345065978,3.5922523625429954,2.7267928487938553
3.67,1.4207971259226988,4.461623966084446,3.427132378949918,2.4210170112992877
3.68,1.5406307342113634,4.384899356146288,3.36959040652915,2.4800045839563314
3.69,1.604260515484127,4.643859334573785,3.4456632575985804,2.8152014465583806
3.7,1.434764734329757,4.351220983600637,3.0132308174461295,2.4752894184833245
3.71,1.61990255321703,4.4847541105046,3.1040013462549303,2.7363104003576098
3.72,1.52116273036342,4.503905138073266,2.951907133337313,2.4572458433969944
3.73,1.5028075246088965,4.768375796561825,3.3549238671780666,2.6123746760479714
3.74,1.4465946185301783,4.466748729059464,3.1466743190299535,2.44280903406021
3.75,1.730849627959833,4.143913251575027,2.5876880638506163,2.6079237467961853
3.7600000000000002,1.323531469242619,1.502396171311958,2.634120582323649,2.369051554547628
3.77,1.0416369075432284,1.3160148194150267,2.7918385568377633,2.47039510544303
3.7800000000000002,1.6423104590744222,1.430874905563198,2.6729020231441045,2.644589934247051
3.79,1.3303222494763922,1.410844628600041,2.4717092922143005,2.559883659992868
3.8000000000000003,1.4503979778490952,1.3818839708840693,2.9327937580363996,2.56095906701388
3.81,1.6796541346046516,1.5466729922036113,2.6062064557011873,2.6583168713887835
3.8200000000000003,1.2481482883106618,1.1868772071784384,2.5680032013520115,2.6432244997778174
3.83,1.3512008013895618,1.3442024156368306,2.3162063421164136,2.594286778936094
3.84,1.3463638450974624,1.530209854190339,2.4792071791443044,2.718330558177338
3.85,1.534416312223434,1.3291690595778562,2.2377153946968704,2.9337487929268153
3.86,1.7967916971327582,1.1751160645933523,2.189036323815145,3.0537839508303266
3.87,1.8778308396838443,1.5278120622288442,2.2684798186054227,2.7665789082994907
3.88,1.909647224564544,1.5982067485635456,1.844219976088552,3.0067241190313547
3.89,1.7122658160431778,1.4173041949647356,2.29837502059505,2.8896554190986747
3.9,1.6472801595716668,1.1205956570477134,2.006754397731481,2.979360653977108
3.91,2.1147231152129384,1.533606446276519,2.119015339058981,2.934700423659878
3.92,2.117089728190539,1.167205102455494,1.6760552055982931,3.2870176265044737
3.93,2.3587344172882005,1.4720964922751718,1.6362414065537834,3.3230040760147816
3.94,2.4914959041494984,1.2868307337710219,1.5335937926617054,3.5803793779307105
3.95,2.495930938450493,1.2446478341082359,1.6962585640636,3.3490989203291774
3.96,2.6945042483751775,1.3558338351968389,1.6023566066668318,3.54952713464513
3.97,2.707821320453465,1.3958852533319484,1.4528379102214481,3.4020141646707285
3.98,2.8571503575425368,1.3245038246098693,1.300223682834821,3.542313038816456
3.99,2.758393787984206,1.5154453400768486,1.1953596356064442,3.675509826201948
4.0,2.945265684653171,4.452597898150324,1.3268339868976544,3.076358124356684
4.01,3.1080405737212367,4.673483409634791,1.324085477008631,2.891654685847781
4.0200000000000005,3.3105065046980617,4.56522625003252,1.3530090413755156,3.050040845259143
4.03,3.2142657259034495,4.413649874782797,1.7760952513653645,2.9358949788255444
4.04,3.461921690585002,4.387572380312214,1.5785226839889668,3.093610146661732
4.05,3.4321420854058102,4.2665324168743,1.860136231416261,3.209739070330015
4.0600000000000005,3.5519788903462697,4.566706813057085,1.6346203706877285,3.0687981739359844
4.07,3.7989240479883524,4.466765726971149,1.8239348637240236,3.172926180582095
4.08,3.4321656222339585,4.154297949245443,1.839964769438466,3.0739750763130487
4.09,3.632709251383404,4.438714463579912,1.6403462521642984,3.110079581511178
4.1,3.6868228545946473,4.382137335578207,2.2069840418575417,3.4023685009947897
4.11,3.6292777372928464,4.765706682931192,2.0200056385466043,3.156439655204524
4.12,3.9739524363375938,4.257970822349117,2.2259600170341045,3.255979522146955
4.13,4.277350558692879,4.298458255129896,2.0494346342553476,3.393422458028131
4.14,4.177044353083751,4.6935823013380205,2.2080796146993444,3.1961558392038563
4.15,4.317682305633843,4.731803314400034,2.1595455690970304,3.361236990088793
4.16,4.519395736744132,4.4063050321441875,2.561764999196181,3.694356548776067
4.17,4.6098774134572125,4.423789454914928,2.4774611567765565,3.616846081599448
4.18,4.429706954248555,4.617117475527211,2.550685233486308,3.7068693476774492
4.19,4.700738620299072,4.16128194366925,2.7742462047584997,3.7074309189834427
4.2,4.53077289263742,4.23343701490577,2.80609095335513,3.6501442333267637
4.21,4.408523341083081,4.478203548996591,2.807537493138663,3.730384576694197
4.22,4.4701196943039125,4.761713035603275,2.520347294786334,3.381956943501204
4.23,4.3424237619573915,4.454199148289874,2.701308328745265,3.6491524070953227
4.24,4.448022032302811,4.537312968683482,2.7160595542054766,3.708291679304346
4.25,4.5371412232815995,1.5998630321872036,3.0585886650082816,3.9151733271768268
4.26,4.722214357229543,1.7505667263716027,3.033377059204121,3.9582838292234173
4.2700000000000005,4.861288712358669,1.3349358610123159,2.846772701744424,3.8121545270561077
4.28,4.342436807922228,1.4216651109479335,3.1041840863384986,3.78879450511433
4.29,4.607917252246036,1.7064550627226036,2.9586873415327006,3.805274062299405
4.3,4.347190626419365,1.1885289935262338,3.2545372576564326,3.6234745482562327
4.3100000000000005,4.558289087130454,1.5834145242639708,3.0613357162256674,3.8699227315878026
4.32,4.41966636019614,1.266565675999544,3.4766283227516412,3.649416766825663
4.33,4.097935573559667,1.440142558911425,3.5166654633446313,3.7041212071838134
4.34,4.493313881103321,1.3866981096291107,3.8268229055742515,3.718234130978647
4.3500000000000005,4.187566671209613,1.2759049706956063,3.7207458402586324,3.609212874431863
4.36,4.136684028311263,1.272019221441421,3.580806350360782,3.6412640214404175
4.37,3.9824984221939252,1.4670810275434434,3.8445199438511897,3.6250637345574765
4.38,3.97783928247388,1.578452206442751,3.5527232966573377,3.6472160437629717
4.39,4.076860321001203,1.404180322135036,3.6869423055713177,3.7660982005446013
4.4,3.8963816175258215,1.4351310750035111,3.95943531312076,3.553891428320602
4.41,3.896109611479367,1.5127305838173086,3.6233391453553097,3.5464194162887144
4.42,3.813859094886004,1.273797622323766,4.028489510039101,3.5455594865227025
4.43,3.878528016004348,1.5388291042516027,3.934782304587983,3.4866126155632506
4.44,3.5154715412215616,1.5511646236714847,4.179305528863873,3.292995056234912
4.45,3.235861174165945,1.8274972969002874,4.054109735196983,3.343935237266645
4.46,3.5504258365566566,1.366025210612525,4.359767230558228,3.404859329276606
4.47,3.224355638069043,1.3533293042670131,4.358976449636863,3.0822842595959914
4.48,3.3581681372911905,1.5433626820429325,4.6451973763926,3.1698654162258055
4.49,3.138284704331839,1.5511276207710059,4.485516327208993,3.2056317680004023
4.5,2.9531222895900036,4.4388116787404055,4.42519149409668,3.7227891856475805
4.51,2.9291359119374403,4.459242876661383,4.444758385521497,3.67964310569488
4.5200000000000005,3.0874563510644037,4.605486001691226,4.204127393428749,3.6542472593624624
4.53,3.007306139457975,4.393512534532427,4.421138535824092,3.714690509283001
4.54,2.582547772512034,4.458101278682218,4.386380237099768,3.3805185081229947
4.55,2.4994884394344266,4.5355561149646,4.62411778445057,3.4099714481103707
4.5600000000000005,2.552159939895617,4.675922279933656,4.063093176619747,3.269759045230244
4.57,2.1472135652441753,4.428046409909679,4.055707424829979,2.966417071494181
4.58,2.2475385343414302,4.236350006925711,3.941934421680911,2.876360397343846
4.59,2.1017217054009656,4.224856608245903,4.004267239465753,2.908309613113632
4.6000000000000005,2.0725776873465027,4.326635026665467,3.9672371962879613,2.8936801889417665
4.61,1.806173990966276,4.318310021682127,3.8330384198081777,2.6962952354994383
4.62,1.6072332275956085,4.497736214466564,3.9519116716937126,2.525690980468676
4.63,1.4568835756398368,4.337558487925106,3.61390099475652,2.376709313306345
4.64,1.5444311319768635,4.412844896603291,3.807253202411504,2.442381038198822
4.65,1.5887875404273222,4.401797846888928,3.6710278109719927,2.305659350034926
4.66,1.5583773441136914,4.453459212669878,3.518273706394082,2.4257303887916937
4.67,1.8680514376671637,4.726497635937701,3.405313422922714,2.5481891992979584
4.68,1.6870995667705944,4.624196941637154,3.7816198216168146,2.84322648313272
4.69,1.3114684054199433,4.524178815414386,3.196064572423096,2.213355427403302
4.7,1.4892690930035202,4.450281516567692,3.310958951900811,2.3261423670141292
4.71,1.3385268887106827,4.454585926540112,3.0782343477671676,2.1431050216175325
4.72,1.3362048624141112,4.572439076823953,3.4214734493846373,2.2781502407106426
4.73,1.3964034798886011,4.612151350865856,3.2127513224215987,2.04732973892575
4.74,1.457138614105418,4.38111774981168,2.8969386336266876,2.0498040098891863
4.75,1.298598915813547,4.5273306358620165,3.0240470454982242,2.031815377046995
4.76,1.5292120294844316,1.10963486317819,2.9188017757738676,2.2786330798641656
4.7700000000000005,1.1812817042705646,1.4570608220979782,2.7300831723831545,1.8469776376880218
4.78,1.3833217359036332,1.5423069878111226,2.8706657107713847,2.1164987773228803
4.79,1.8255344758712346,1.3808982778538839,2.7471066262283244,2.5129538527134834
4.8,1.469069380011693,1.7055989042119841,2.654925443523802,2.289930997918069
4.8100000000000005,1.6996974593749117,1.2877948605145935,2.5492431936403595,2.4704172706665997
4.82,1.522674633385721,1.4579477078165597,2.560970477656115,2.4156405598624042
4.83,1.648198541168966,1.4187244280275855,2.464279901537842,2.676735324547897
4.84,1.5966942109023368,1.4087394802724194,2.3726310282319467,2.6137921776737953
4.8500000000000005,1.6355097193635797,1.406567500102936,2.195838505226598,2.6212153842375914
4.86,1.599197948527629,1.4408600213208995,2.5067667328227055,2.5301016410332497
4.87,1.8626137999637047,1.5555963405981934,2.001481817904966,2.8727647047570954
4.88,1.7268525379728894,1.6376431987797955,2.1747303103004887,2.6595231660342615
4.89,2.049123159612864,1.4239241249848313,1.9902613002916436,2.966909500070826
4.9,2.1976020918207264,1.5505409566709565,2.260210817558306,3.079449719614365
4.91,2.1653206253094464,1.3155896857079812,1.7679680988934416,3.1833801224480656
4.92,2.1471598317730884,1.5428964572379893,1.730719890034556,3.147169610504365
4.93,2.357855917212622,1.306262680613992,1.6287440685938237,3.4433082364809606
4.94,2.3276944097575436,1.593183574110329,1.7722986979739817,3.3091027232667565
4.95,2.6251575524151716,1.766635483080218,1.4353791581048974,3.3850777312228346
4.96,2.274469831698376,1.40536543933971,1.5148511026208196,3.4943633619405006
4.97,2.6162759895141985,1.0847125091760423,1.181576081193697,4.067846366065529
4.98,2.4485688524169684,1.3393923407110535,1.5018259774177558,3.6605286985646983
4.99,2.630288457878033,1.6150536299302178,1.3185205883501867,3.916010907650471
5.0,3.1954305516063193,4.607336075695745,1.0954881316801661,3.04385865564916
5.01,3.2212380789672665,4.560230197629432,1.5733697067682306,3.0965842340441188
5.0200000000000005,3.060903231389628,4.677893729337011,1.2530412060485838,3.0928028837062436
5.03,3.034558498406852,4.596708349604331,1.6555434352307328,2.9508132570402763
5.04,2.8969630966510564,4.710270446805055,1.4790923667319216,2.794180126830131
5.05,3.3871397261448806,4.6640723691509045,1.9134143491212394,3.1000085319187836
5.0600000000000005,3.963328784641697,4.757347221149103,1.840772559549798,3.2159239089171847
5.07,3.734961987295712,4.577247743306149,1.622600365913534,3.1554948399931364
5.08,3.6645041254151054,4.661878742032924,1.7015007091954306,3.0940167897690363
5.09,3.9182201559639673,4.474115950123199,2.0104724558575002,3.3559442162961988
5.1000000000000005,3.6740554024089906,4.428532363001677,1.93527827731867,3.2146348862862095
5.11,3.9593182979253756,4.786008652613934,2.014511327964948,3.2786746520623264
5.12,4.10000816980174,4.5551645533732446,2.3104617681606507,3.5065038836195233
5.13,4.1419278446196435,4.646333030478063,2.049971363082863,3.4265622334424655
5.14,4.351391284040368,4.540844513157132,2.2492421724007334,3.5045583481823237
5.15,4.341484459810561,4.430846926176015,2.4522656532558056,3.5835220400548398
5.16,4.451178011627878,4.52338177132833,2.4931632961500343,3.69211264622839
5.17,4.283116417499016,4.744073830318811,2.401765792436521,3.64886009293783
5.18,4.586429911865365,4.6076711048824475,2.445269595220352,3.8981629773498185
5.19,4.745367280520926,4.256624294149962,2.276544385394855,4.049439244273909
5.2,4.358600092763345,4.488345848728591,2.450518347406954,3.9552157249360995
5.21,4.400371177029019,4.797705418878408,2.7357052572860967,4.032277157673559
5.22,4.7829623513757396,4.488570038319157,2.7266670078980777,4.29080411104142
5.23,4.551374966300308,4.242839970805195,2.825148223851061,4.160625899213052
5.24,4.819500146936505,4.814858105635434,3.0444016569506407,4.321639188322335
5.25,4.523442453344433,1.5299550299038884,2.7508625317673987,4.30007908020929
5.26,4.827802518200812,1.4134297010396097,2.967997280861029,4.5059195995422865
5.2700000000000005,4.603698940327151,1.3667510037447528,3.1005610314059426,4.25417974344556
5.28,4.608313090176177,1.591896909758555,3.021354452441724,4.405185872477846
5.29,4.797856254822758,1.3403354291939573,3.4288427743181367,4.1653302641437016
5.3,4.457205639270384,1.6021035659595944,3.4090937463134545,4.040269008700107
5.3100000000000005,4.328814344007757,1.508242628153463,3.373987286700364,4.006264243549237
5.32,4.368209873576031,1.462166611701787,3.679984504453241,4.12882280462003
5.33,4.468001092501021,1.4468085590216013,3.2150459244132077,4.341821800451868
5.34,4.0890794415129665,1.397175249475412,3.518965320577902,3.7820500310066696
5.3500000000000005,4.388945390991619,1.586211336710858,3.643360779540799,4.294697914977542
5.36,4.135894528020113,1.290256620998444,3.5017974556294673,3.8299982073059495
5.37,4.341919442103557,1.1730844098708746,3.7613785710148453,4.005849623762888
5.38,3.695825317702591,1.5194312157962528,3.5995013897254804,3.527590408494886
5.39,3.8800223128520943,1.5220327607398834,3.9525916770024923,3.673279544280152
5.4,3.653712883372652,1.498647766064329,4.075896627239634,3.3597832046445784
5.41,3.7089258057896792,1.4874176815568374,4.013944817130582,3.5898493402824556
5.42,3.795340589336218,1.3746304010618604,3.7367084421979637,3.733847231127768
5.43,3.6354274267586333,1.546230391555504,3.9433751381812567,3.5991845840384085
5.44,3.5299628064865414,1.4172170154504329,4.253776474753257,3.342782854297726
5.45,3.449428460168738,1.3488331437886552,4.230713551335235,3.288713153175776
5.46,3.410416343951244,1.3759698854829145,3.8586502561661873,3.304899269824547
5.47,3.114620307648445,1.7372099224101278,4.55559889911865,3.230124255830089
5.48,3.2920815379810904,1.1555761619447091,4.442113568806252,2.779470384645688
5.49,3.1835515996178994,1.5016750105257677,4.352805060773903,2.9863991660978826
5.5,3.0367835608874976,1.1642280988196414,4.70860971954201,2.7605361030577917
5.51,2.9628090748996145,4.504918704620573,4.375550318194381,3.872597265058543
5.5200000000000005,2.8192811026581515,4.454524779283118,4.309514887815004,3.712311504280879
5.53,3.0005138526310873,4.198771656466787,4.413459334276617,3.9138874941737516
5.54,2.5571863908554917,4.581931257858824,4.5778095608024945,3.6594248556221083
5.55,2.423753106081767,4.462824195255787,4.488224623164133,3.4089796438023225
5.5600000000000005,2.255592774934673,4.196575896670447,4.220832289599231,3.012666166997385
5.57,2.1169693339362423,4.651705101726341,4.173050684758643,2.910163658475489
5.58,1.9918518718259768,4.743920843166025,4.161658867733465,2.7494392591233687
5.59,1.9618580371199446,4.752457015939586,3.7681766584937386,2.4116243487333064
5.6000000000000005,2.010243902365419,4.577272577821227,4.009415350101811,2.6253002395890954
5.61,1.9954279468142386,4.528813889100158,3.723647077811136,2.3054335680197697
5.62,1.873158006058755,4.72737300831734,3.828515055565733,2.4888079398865504
5.63,1.6687936370660883,4.782232283975974,3.6764973117918114,2.0881144811668753
5.64,1.8714369099705084,4.697237097429657,3.7293170215966085,2.5751939933574395
5.65,1.782972595452498,4.375864530574578,3.6034685347540045,2.2176916542462104
5.66,1.5800219227676868,4.552863206457472,3.0263571304308,1.8574833774463113
5.67,1.4482426128543695,4.589748892253968,3.484673868661853,1.7353248782515618
5.68,1.596729843283309,4.241424722059758,3.4948402356323327,1.943046579078475
5.69,1.4978698932620538,4.594370924616522,3.3990242499866263,1.7433565897934378
5.7,1.19820160132441,4.873700025090263,3.2465937205731867,1.4674316724692424
5.71,1.3934875947075602,4.620788023407464,3.4627007371858216,2.1382460869888162
5.72,1.4247648429080462,4.749868936098528,3.18455520111075,1.877072376121026
5.73,1.220544310471179,4.550008925715757,3.1405704029228843,1.399985073729613
5.74,1.387553549643543,4.510341494291135,3.173807084684538,1.6705555900828364
5.75,1.1177892718456235,4.580728503216353,2.9999410478875506,1.4220595704974892
5.76,1.5733517795023793,1.2979252127961398,2.733073402664334,1.913391523083344
5.7700000000000005,1.5686327088372303,1.2750123616789524,2.4212552732369375,1.9692482382511418
5.78,1.341366516066651,1.6203857288106858,2.672149815137817,1.6119069275090934
5.79,1.4634141387772883,1.6368078442894354,2.8068308737393757,1.8349497876671639
5.8,1.0423147510697228,1.270779578591056,2.563517511791159,1.4511302826339383
5.8100000000000005,1.2799834735809559,1.5741869942254672,2.6847328620173636,1.8037627073009372
5.82,1.460225690336664,1.410805094092375,2.5155993639405003,2.2162755774139873
5.83,1.3802963057492954,1.476898914953542,2.634414301467371,2.0135188088017233
5.84,1.7216863428339684,1.4955468712299207,2.315691805168689,2.3786216563072626
5.8500000000000005,1.9868493181853293,1.5782680871996932,2.374000470716437,2.5908424711253026
5.86,1.534831086753841,1.4370832232168493,2.3158688648479995,2.35424017681867
5.87,1.657135588800063,1.6426649894153664,2.4116032454056473,2.366468612673545
5.88,1.9030302125904268,1.4721915150156424,1.8317429191438668,2.8584272317946073
5.89,2.2023739882363436,1.5209402962485141,1.96805715407059,3.107963465898021
5.9,1.8235783508171355,1.2952249010476178,2.1138039964399766,2.7960474344159403
5.91,2.1462770916260414,1.758585030008744,2.1615943651946266,3.0312747026506406
5.92,2.4887493128839147,1.4970346003479311,1.887460591647797,3.4421573484715826
5.93,2.0165618831610663,1.5346948257585882,1.7375593291194633,3.3434009817817785
5.94,2.1700892865232753,1.1752122233310045,1.8419887439570046,3.2924525260146975
5.95,2.4048670965878154,1.296860420627744,1.7956390399036621,3.436976052325982
5.96,2.486926020830998,1.6159841771018133,1.5339535366173584,3.6067113403789097
5.97,2.80237665071651,1.4687035667499848,1.5805528625759326,3.8751271285299076
5.98,2.81040592805812,1.127884766705478,1.652905241197168,3.8804994911763377
5.99,2.5849223098359957,1.5850730095730214,1.7027126696028188,3.72168977910841
6.0,3.057914216766565,4.4374649796976815,1.4539655381998258,2.941994371570064
6.01,2.9825402739572198,4.740252088241471,1.4060006944531396,2.6509886886447576
6.0200000000000005,3.3840772598893603,4.508077698569796,1.4544990554497002,3.0760248158631667
6.03,3.1763641103938416,4.553383854886624,1.6170471294951558,2.9113567145680137
6.04,3.2742693027514704,4.70426602666665,1.5731636441348669,2.953059621151284
6.05,3.5629351470578214,4.382685740748914,1.6865106824088978,3.0488572177461077
6.0600000000000005,3.6946844839964936,4.367918252801855,1.5503109122020853,3.2209911110468465
6.07,3.737103878000345,4.491249055060756,1.993041157151021,3.261195306709992
6.08,3.4819989668011724,4.649785437887932,1.6656471824382098,3.0949953716879977
6.09,3.930044514237797,4.315567338804488,1.8437195108292133,3.379451292443364
6.1000000000000005,3.7594144256116144,4.263351641776616,1.9931273051139629,3.16531041707312
6.11,4.045641557912743,4.649250844962289,2.3616860137311275,3.426736414113601
6.12,3.8531273072882293,4.4282973469965,2.0380801753046995,3.4638214345605958
6.13,4.22822246928921,4.460936642314258,2.063257296975979,3.6321808490722067
6.140000000000001,4.092485265499536,4.234115855679288,2.146052085644417,3.8103597830792895
6.15,4.077736351460721,4.416527040594797,2.5654449212324755,3.8092334066185796
6.16,4.458551658801667,4.520508895896098,1.9111776039994322,3.9765103625645617
6.17,4.433852732933742,4.665768847663529,2.2662717430770503,3.8830034968586933
6.18,4.34139994417958,4.402240113225748,2.930628501178652,4.197781562933829
6.19,4.716556402363123,4.778359367570489,2.650937297372171,4.208134181364781
6.2,4.444420522311354,4.415663373250352,2.44252491180729,4.162176450190257
6.21,4.549452101436888,4.41589013800574,2.677807083288088,3.9959318339703973
6.22,4.610044844807327,4.759772042535094,2.7596655514668633,4.407935254106807
6.23,4.481952917252707,4.554429766996574,2.9490832510889495,4.554269886411768
6.24,4.668331356605849,4.43618854943629,3.1730051866362197,4.620055754483673
6.25,4.508706764101911,1.4002470894524643,3.0041127252141453,4.32375922962056
6.26,4.525252013998061,1.6338236826793944,2.919206104429473,4.516657616011418
6.2700000000000005,4.8032437683789695,1.6513440549250642,3.196722350921717,4.621975202665933
6.28,4.397802303712291,1.2977755256984203,3.022303772693645,4.35859186329643
6.29,4.153186778099892,1.4177008796588262,3.0327359385482455,4.184226252323075
6.3,4.776940352212357,1.4382352462542947,2.9802544440508285,4.828874964223723
6.3100000000000005,4.8945434548303535,1.2715332097715808,3.075838352047387,4.789515439681537
6.32,4.375227080247889,1.4156486542723257,3.2475805732637104,4.336977117157555
6.33,4.080766172239626,1.4250969748637698,3.266649029879612,3.919157639948622
6.34,4.292533338292776,1.6008573321884447,3.570545492959021,4.179318588899923
6.3500000000000005,4.239233894027993,1.6112670319623312,3.39173948634552,4.137117658913521
6.36,4.192435423894007,1.3732878263660195,3.143569213093019,4.171688015739474
6.37,3.975425997098462,1.3911376098990638,3.5452910513522475,3.911110706083242
6.38,4.177819713776907,1.5271518432848625,3.701504216686477,4.151948037391305
6.390000000000001,4.092519909803979,1.33364424553367,3.7443175321424835,4.088290308233585
6.4,3.684842211570696,1.5154355636532792,4.150092280368573,3.5965231518841847
6.41,3.956165558444579,1.4106585074263582,3.871580550806522,3.751031647346553
6.42,4.087896513478205,1.2741414648789537,4.176029793610571,3.856709120352341
6.43,3.6923475037273215,1.276086926055705,4.095692632368117,3.4378075467663964
6.44,3.5163566535402393,1.6483791966309884,4.156226467317686,3.415183761820928
6.45,3.452213248200764,1.4000475624736497,4.093057449687927,3.363231834872785
6.46,3.477171636806679,1.6783149343910364,4.282142002009717,3.377982936635213
6.47,2.9975772030091674,1.3447255623477754,4.232916043605704,2.7908697297373304
6.48,3.2041602646950533,1.4693716905334016,4.447475926198396,2.9776411346331395
6.49,3.0128612173312295,1.7948274493540468,4.44646767460992,2.836173910317675
6.5,3.2738708189561927,4.357922926243172,4.396909889465908,4.455620197402522
6.51,2.844376852754051,4.227765534165429,4.643835955692824,3.976337308050642
6.5200000000000005,3.041567705352181,4.7209355889775235,4.4887474434910875,4.277655660246596
6.53,2.4917776069155453,4.393632580061551,4.283864741139553,3.2508214205836294
6.54,2.6664849938724826,4.518474043112817,4.3149700290256074,3.6783528248360953
6.55,2.5252930044788644,4.430939452027048,4.213836175975917,3.474737569287941
6.5600000000000005,2.2368694476064475,4.563211326405369,4.023599247176046,2.8162431143913267
6.57,2.313029778704998,4.374470912924393,4.110072284112698,2.958522896292977
6.58,2.390078777220131,4.493813450826905,3.9346620232547664,3.1066288343697437
6.59,2.053433655253281,4.591343930846882,3.818324476560172,2.3829239887997202
6.6000000000000005,1.7474678812672249,4.3655236343550525,3.645111767850335,2.2107781567898046
6.61,1.9383991152205375,4.413258544657957,3.7839861775538153,2.62400544912472
6.62,1.7186049946097057,4.467881523937487,3.868448937101962,1.9652025278457048
6.63,1.7373846077564856,4.300399612341231,3.601417492218888,2.0628740257332145
6.640000000000001,1.7123121032394024,4.456238653053983,4.053859847744787,2.3502053066642032
6.65,1.386678603005134,4.540078915227007,3.7268224578907674,1.894492379846496
6.66,1.344033082004516,4.459802537339883,3.7298187098419824,1.7706129396717398
6.67,1.6321996680346498,4.479652657174014,3.5837243052867525,2.077774055185269
6.68,1.4231193303780705,4.5185986662795745,3.6894071237004287,1.9387829045076033
6.69,1.0517117632675959,4.420125586537294,3.200886779325119,1.0
6.7,1.5601196486326327,4.62870599001133,2.8515576863796186,1.590539854499433
6.71,1.4486512287835718,4.7440713689686405,3.127103539990653,1.6756470369451584
6.72,1.2665900950294677,4.449762063922565,3.2242243787903133,1.4251845860013492
6.73,1.1529353633286406,4.596823695883176,3.0945837890250663,1.173244415361557
6.74,1.4922509150530963,4.484571238833151,3.0502222139837443,1.9885267293103417
6.75,1.4102080814158466,4.578284021669468,3.153946916801601,1.8596875388251934
6.76,1.7429540051014347,1.6667655411978104,2.93878728704022,2.0110409182650173
6.7700000000000005,1.4344698626273984,1.503048933889052,2.9414960183852283,1.677191014710977
6.78,1.445132894423542,1.1496231823378902,2.5978333236793656,2.0098678130920193
6.79,1.377450241666574,1.4945831114236032,2.5085087810150783,2.0894412842148267
6.8,1.5652951319877717,1.6152067362156632,2.8796570810903015,1.9400167300996136
6.8100000000000005,1.5687165637903548,1.3899539312980023,2.5721952127335657,1.9847082212135045
6.82,1.710719624130049,1.5784669931529303,2.391542331116326,2.1921259867963974
6.83,1.469571128580325,1.3173941436097334,2.3275553681768324,2.2693618796139368
6.84,1.5353271168421454,1.1942065607163166,2.2588174465661233,2.4286405256816286
6.8500000000000005,1.5854766064197867,1.4461355252786923,2.184919741499403,2.224317468211483
6.86,1.8537082338515947,1.1522463491870085,2.0283632061101216,2.9230158841501717
6.87,2.035726156879885,1.387139185904409,1.929164712536618,2.9402230897450163
6.88,1.7905004772307809,1.6235664117038664,2.07466915538735,2.8537585097586256
6.890000000000001,1.8723987261831816,1.1285068546774202,1.94643956912105,3.170557851813329
6.9,2.072605080731421,1.226116426302864,2.155369123177212,2.9655772935176543
6.91,2.0660807229572296,1.2644413630471871,1.9602605629391423,3.180203609361978
6.92,2.347862806579861,1.4144662485629944,1.8915177647342105,3.231452925585183
6.93,1.919311464023095,1.3676339122832593,1.665175405343221,3.280123484682113
6.94,2.2437322347426214,1.6409574481019669,1.7008665911052991,3.289944023032049
6.95,2.346711527743966,1.57207293947691,1.7140491052153126,3.28582957743537
6.96,2.1952212522158225,1.5009757461142712,1.7068486809497365,3.3175146748382685
6.97,2.514485258406215,1.4468264479492179,1.512382145845701,3.6654045575397793
6.98,2.6229102226339696,1.4851722785532142,1.636609243656282,3.6501483068412757
6.99,2.84001175044737,1.2907770594206622,1.4001912924950937,4.1357572380793695
7.0,3.154765491135963,4.654437366218791,1.4620396800259603,2.7907937918208026
7.01,3.036428057566262,4.349458095238772,1.3201859130165374,3.072309685474591
7.0200000000000005,3.0104425703536237,4.651056024830191,1.1718980465306736,2.6571331429944256
7.03,3.2688518104053452,4.705379223339325,1.5705974872040258,3.0539308963988083
7.04,3.547500503525467,4.554337533880437,1.708315643737428,3.006496038360268
7.05,3.317046448945787,4.494390657328685,1.748495511797159,3.013620713434085
7.0600000000000005,3.423444836750446,4.583677006363986,1.7881637064799922,2.9870968628563634
7.07,3.7550054524370204,4.078516319466088,1.7285787106176354,3.278789742066588
7.08,3.7192927341621864,4.568491700837344,1.719232250866201,3.2715559560887773
7.09,3.947784115777092,4.504125665975341,2.0018270453349993,3.531145244807857
7.1000000000000005,3.9248423157042773,4.513840049547552,2.0459756525637056,3.503429532584467
7.11,4.121233244559167,4.631101827069999,1.9515864171749877,3.4315522954565245
7.12,3.91612038612921,4.5101013526061,2.2842967152138183,3.4523562419966662
7.13,4.153924293750473,4.345096541440001,2.028408571075187,3.477122969031836
7.140000000000001,4.1890696605637805,4.4997817564551035,2.1407960096276093,3.5283141336790704
7.15,4.088554116598864,4.532143191839058,2.5618335765659794,3.5618647596877206
7.16,4.089449164159234,4.539480708390299,2.502719501625852,3.5842797220511926
7.17,4.505832806590925,4.546757365237861,2.36988255694445,3.9423689057613247
7.18,4.384030713483108,4.682648357662419,2.5378814520876762,3.632958746854186
7.19,4.315660295788673,4.3534862283794205,2.5808556930320687,3.8287197915429267
7.2,4.500252485370943,4.54889164814012,2.1790291425931234,4.080151147898992
7.21,4.7270764337415265,4.721452789143468,2.5388690361121027,4.246863356407574
7.22,4.196799578761528,4.253040850351159,2.740654017233171,3.8044396469360278
7.23,4.339813935046463,4.549502801569154,2.755798029765154,3.854865764299254
7.24,4.442389363012007,4.431023036901074,2.9170994077077985,4.153426325857726
7.25,4.831994858003953,1.3668605515793302,3.123183622820204,3.963605410833636
7.26,4.637771448203985,1.284144711153469,2.954280269479532,4.3225736720669286
7.2700000000000005,4.706753944964486,1.3980142322086717,2.900264426852094,4.332734003253815
7.28,4.381663295857589,1.7094286354956565,3.1867212616354563,4.206541118063701
7.29,4.3627947157020674,1.228449771246576,3.1463080950683375,3.903683427900016
7.3,4.588422341968848,1.243134639192882,3.237999636110456,4.325767191291493
7.3100000000000005,4.49079564844293,1.2226414789773365,3.2804721972199142,4.094179506777314
7.32,4.529851881563473,1.6917986017240776,3.7519168127943003,4.039138219172475
7.33,4.364269647706489,1.3526698809462196,3.0958338720417844,4.011856225636859
7.34,4.38793760484749,1.4203018894565411,3.457799957380013,4.0884251340636775
7.3500000000000005,4.3112524649064285,1.3618934615437805,3.5838959316463637,4.019628689836495
7.36,4.349277977589801,1.2780094617062545,3.5232374554601966,4.15622819435365
7.37,4.286682164533035,1.387854743930179,3.8576584601895423,4.096830430988485
7.38,3.821337502161372,1.804981819444885,3.908028372994884,3.543622171813514
7.390000000000001,3.6432728755160744,1.63986321729432,3.8339416154905046,3.392047072527016
7.4,4.089416199439858,1.2921777906661038,3.8623993096690024,3.6564686003701388
7.41,4.035345810778282,1.5245626889313428,3.9521876413440973,3.8874800480455307
7.42,3.5897774231675554,1.2954943475116465,4.017621727624678,3.311447466598978
7.43,3.3630358158917484,1.1491658345207747,4.086148322385662,3.2771226032610863
7.44,3.587081500420031,1.582164696367187,4.132812723349708,3.4797746357848767
7.45,3.6260984566680667,1.6039366775221953,4.267876578210624,3.497613959146956
7.46,3.668803912814454,1.5862751635833252,4.412633218868171,3.479495580222155
7.47,3.361764014801239,1.351504396898801,4.1581620853921155,3.253320889638269
7.48,3.117268443227003,1.3984439947655174,4.251305819221217,2.993243235855795
7.49,2.931389439908325,1.540389120911247,4.203439315760951,2.845530977018522
7.5,2.976232961936101,1.4849037735826784,4.687949836845805,2.960591494419129
7.51,2.82410205494271,4.460718049174989,4.524662140530452,3.745906957818935
7.5200000000000005,2.6067166065485843,4.270934527615588,4.501351022238419,3.428732908766482
7.53,3.0027314757270154,4.539316744385125,4.126143624701317,3.7472447168534573
7.54,2.86064108179591,4.688787512806497,4.578437861400147,3.89205845759868
7.55,2.65765467072365,4.336209855408844,4.129461743884354,3.365535506554021
7.5600000000000005,2.2284732380780667,4.620605774366103,4.190056460332883,3.0105157942074383
7.57,2.4228583597027784,4.573026844908629,4.236046694119496,3.134000129620537
7.58,2.2972248704155325,4.637856616261196,3.875849313251567,3.13965410526336
7.59,2.1776409435425164,4.656724050477099,3.8823828191428897,2.9746645416046826
7.6000000000000005,2.2242443777853014,4.414128728622952,3.934691517259257,2.992130793567731
7.61,2.0442260856008256,4.271261678962471,4.30082482220838,2.876909916643319
7.62,1.9848098100300149,4.439054457886034,3.825726298062384,2.633392336198167
7.63,1.8961001465824827,4.659380359554675,3.9712018756844545,2.888310597697129
7.640000000000001,1.7807709533305176,4.437740478800291,3.8425276983255277,2.5419244201494595
7.65,1.37404309001563,4.4141940712476115,3.6436296490511944,2.109674399050431
7.66,1.6194508132712415,4.239607569756774,3.3612387423872114,2.3206586024581597
7.67,1.463919584842411,4.793114093783576,3.6262323526971927,2.3085068616787714
7.68,1.3004056121440115,4.649559457458055,3.1508902615981182,2.102637782517454
7.69,1.7399906737764517,4.640914953475637,3.584629411048835,2.3572351827801663
7.7,1.7131468716050957,4.6715528748631066,3.2952215012754116,2.431819715323224
7.71,1.624807069320334,4.610995907359811,2.772895050309494,2.3935776928729684
7.72,1.4236590750193843,4.483841535955984,3.0797952667348625,2.1171079338691214
7.73,1.5852742056427465,4.4963186320843285,3.175326694823819,2.337439254305142
7.74,1.3587374665360594,4.455463777258012,2.9678617152238367,1.9546474303459727
7.75,1.3864548424990832,4.929724230405624,3.0565753777093576,2.2823284470656535
7.76,1.1795550079505466,1.5103669461816769,2.740786188564397,2.148744817265981
7.7700000000000005,1.4307100653366334,1.35244365618748,2.603229840594211,2.333758265537006
7.78,1.3920816049907,1.4963642981263667,2.73734369933506,2.140795736110336
7.79,1.1933730523750687,1.2677189362503296,2.689616237515419,2.353315288856809
7.8,1.4246148257779543,1.6572761955099518,2.5642747483075734,2.4519352169137107
7.8100000000000005,1.4544807991143438,1.321892578545577,2.753211108638424,2.394665519295514
7.82,1.799188274324594,1.5018759282972423,2.355065910967509,2.629008896052371
7.83,1.6990000134814363,1.589361015176129,2.4777433956685657,2.7439402793433416
7.84,1.6077526485298472,1.4838618839529358,2.374057544056387,2.5860130001600186
7.8500000000000005,1.7034524630298034,1.4389032277603053,2.0486813752851045,2.7278233794801183
7.86,1.7327016818784553,1.4259455446005862,2.022596745473973,2.6659706723736116
7.87,1.7599828072837391,1.4155315653904021,2.1722031992427273,2.787323505689346
7.88,1.6894300860764102,1.3349590891302734,2.4243950236263396,2.575294704825567
7.890000000000001,1.916763325809428,1.3546609376589853,2.134816707393011,2.883943353336231
7.9,1.9007727600929791,1.6534173909225607,1.700126320323733,3.1776950846051744
7.91,1.9032634772427506,1.4074635083371714,1.4132923465410252,3.2782946535160358
7.92,2.276413165243771,1.3025760298801132,1.966685037639777,3.2327346445206233
7.930000000000001,2.3476934066845243,1.3443134001242825,1.7691362687365146,3.227533693057251
7.94,2.0881358695031604,1.5946874811214637,1.9037229977315193,3.1097832859992782
7.95,2.4536402678301754,1.5289040983966855,1.5144992519854146,3.636002200488306
7.96,2.7326849538259026,1.5110510315437051,1.6480335216706508,3.4821060582379175
7.97,2.842349003293942,1.3843902072963512,1.6634548820105866,3.5888928916421
7.98,2.9375046747498907,1.513069502826475,1.391279753539088,3.550688610961595
7.99,2.8789136368616877,1.3246040451922405,1.3304334996894192,3.877974519355978
8.0,2.8374127340817523,4.4814743144371185,1.3386854196068985,2.8603138450579575
8.01,2.900502310711758,4.671874866029954,1.4861179134099392,2.9710726433237102
8.02,3.2333692259204274,4.657080589916578,1.4608856411343196,2.9811603481994675
8.03,3.3395563313469823,4.3696120645865,1.6839965950648812,3.1402900243195173
8.040000000000001,3.586100862583109,4.389185112641872,1.5175177217273734,3.2061600189234665
8.05,3.6535127516923582,4.538515593347161,1.4425554911866858,3.0909650345733812
8.06,3.5495985169381403,4.789007676971025,2.038025271083817,3.211382697323152
8.07,3.462816514784626,4.225016481443668,1.6874308386038712,3.0886053892430336
8.08,3.70347859534065,4.56478638305256,1.7575288064974797,3.2538326363671572
8.09,3.8780490030326473,4.308572449581543,1.9025869308190133,3.2410462663114825
8.1,3.8943006990485034,4.423441744402721,1.9882399351140116,3.290171672678068
8.11,3.913843635317488,4.465241667261319,1.9795836262602937,3.285166781530136
8.120000000000001,4.124872298481618,4.456556546156097,2.103205533318323,3.369296915268431
8.13,4.074201930637914,4.439011649539845,2.163899075050649,3.2706647351552003
8.14,4.121421709922507,4.522797006641778,2.26266510615917,3.424666367708877
8.15,4.336104665768811,4.43878559651052,1.9199937788722192,3.467337773048968
8.16,4.277701703284118,4.295189469612305,2.6653997769973,3.4925656390660973
8.17,4.434251426088473,4.642459573848653,2.4037463717631393,3.5446823377162087
8.18,4.485193441253141,4.6382784683809515,2.5850067508992147,3.622192415261974
8.19,4.296672933138091,4.652263598384394,2.3345127731619444,3.454700230908522
8.2,4.437841940713019,4.283066661176941,2.544569817963602,3.5485493808543924
8.21,4.777281754598228,4.5679744234576125,2.5764992972337732,3.7278288640594974
8.22,4.378110749251865,4.626369969631199,2.9850165425139217,3.898391342654728
8.23,4.239322319582545,4.361978157818333,2.718964212645476,3.7032311990477638
8.24,4.290203750989562,4.523101510955847,2.9992157863625724,3.668644826354522
8.25,4.599886371830287,1.4062663581029526,2.8371452126161367,3.9119846619081753
8.26,4.596981041125574,1.7095672513499138,2.933214614666835,3.6124252551425546
8.27,4.56332556814578,1.7223201139739595,3.0307733074691012,3.60209739504365
8.28,4.763254419277826,1.1665130621782458,3.3408358415844917,3.7481096824834146
8.290000000000001,4.111037435194888,1.810508122276286,2.895090084918458,3.5263705920714057
8.3,4.580013702211415,1.2825312374567996,3.0516466720863837,3.769199321298891
8.31,4.734427142451715,1.5761498976690576,3.014420819494817,3.9008965352595704
8.32,4.258123044248133,1.5745740426883574,3.2168768566378625,3.7357615244047806
8.33,4.333128489442357,1.2700696663699538,3.3254973705678705,3.598686552449471
8.34,4.220828243642722,1.5006652073638738,3.2607525423649055,3.640661307718411
8.35,4.140669831021439,1.407618826079072,3.4665079173679594,3.55416772203442
8.36,4.170337852744474,1.5101219370611454,3.3249968676476485,3.6175754309017467
8.370000000000001,4.387248537808558,1.4599969356098188,3.549457002654721,3.6292736284331504
8.38,4.381686983173745,1.6095502093681577,3.970247170222831,3.7891402176199027
8.39,3.9530594725123414,1.435949779531544,3.906474423263207,3.432022194882725
8.4,4.23582467994429,1.3982738951066642,3.9360247054527058,3.7456012674584196
8.41,3.8486065642171723,1.5940205398044323,3.809028568797351,3.355453395548377
8.42,4.039435833024371,1.514158783040954,3.787605628031371,3.595398347467539
8.43,3.649354558408162,1.5376088626118989,3.9156756975250135,3.3598670632944
8.44,3.5922717612502093,1.3213478100339437,4.156081013464794,3.2538504977777096
8.45,3.5344647907427045,1.262392344459147,4.36682676169692,3.2884002383675726
8.46,3.89267719671835,1.3363492594764341,4.436603157379153,3.39004387919242
8.47,3.4160585791964335,1.3281257579646681,4.457212699087037,2.9384021991129607
8.48,3.062883141970993,1.5460316253357842,4.301623533363939,2.7731417143085597
8.49,3.2332016077635455,1.5754236725171666,4.488379326077329,3.255491052149614
8.5,2.91573144333827,4.4976557545004905,4.497074667714038,3.681626009620997
8.51,2.7932283340270834,4.743287863145371,4.452101953864554,3.7005468933860906
8.52,2.918503249538717,4.733616264030163,4.747527901395456,3.7297236000224587
8.53,2.6757092651652092,4.559376136517679,4.072709052365276,3.1772947172997426
8.540000000000001,2.6164538805729554,4.39439412957715,4.253875015686523,3.252184245361105
8.55,2.4757915998753774,4.765660075806043,4.422040353714406,3.3430423265539044
8.56,2.4322769710622323,4.512231063990365,3.927449646380806,3.0059181826883354
8.57,2.3531556739741335,4.541220102093855,3.995290104256137,3.2040856533934052
8.58,1.8796128604544742,4.46908607625981,3.9494425409270133,3.030905766738485
8.59,2.2139510522303727,4.3838786524792255,3.934295943633848,3.017798905193449
8.6,1.8625348629699605,4.2942320536893845,3.6494202833159526,2.6778689220550413
8.61,1.7074790922760534,4.619693423772576,3.9372811557287677,2.665878084362956
8.620000000000001,1.8554017020008702,4.400355202848283,3.8844095667937992,2.939185165039477
8.63,1.8064824976578202,4.995511705898361,3.794750596406128,2.8293921950429635
8.64,1.613132901525543,4.353480183852573,3.5088976016573454,2.556648943305524
8.65,1.7978221534038519,4.3269495052409574,3.5983914493747977,2.7718511067150526
8.66,1.3883589970316885,4.600686238918001,3.3756628616109143,2.4014888367100693
8.67,1.4881096050416667,4.758526253652237,3.402475377976299,2.5408095644322737
8.68,1.413045230873581,4.531683872970568,3.737715375263358,2.4578824320620165
8.69,1.459852473248499,4.610304265185379,3.3427402303833493,2.6445861659786294
8.700000000000001,1.4781108901083653,4.236169899540307,3.0722388631608646,2.4622696196168934
8.71,1.24114736206421,4.416754354530822,3.2277786427955815,2.540386053784987
8.72,1.499685413177483,4.355409536743501,2.917276425194183,2.467203557130467
8.73,1.3765774287844506,4.228194316122082,2.8775479443304426,2.3586240035087878
8.74,1.050138892776844,4.539797623188572,2.8386393333885582,2.1763174774439773
8.75,1.0361388373491272,4.174333210120129,2.87026818092704,2.407439565154973
8.76,1.3547871972047116,1.219503588258136,3.0279640576868867,2.3582794933483955
8.77,1.3305518688147833,1.341077197477846,2.906058305779644,2.460795310946102
8.78,1.3655320640435449,1.295531041998185,2.8328730085896723,2.5404862061957356
8.790000000000001,1.3999704032868134,1.4856645690356272,2.507941353240758,2.640555645790551
8.8,1.4694713519597093,1.471597951265791,2.533270025579158,2.495059587483477
8.81,1.6209975228423623,1.5626956006326056,2.599691686378809,2.642153093033863
8.82,1.3277542055935696,1.540794599378147,2.3907242162606392,2.6858568941747323
8.83,1.3641145568400093,1.6009507671220198,2.3826815250102635,2.6056170739336184
8.84,1.4286926008701426,1.4239755178782585,2.4340627973267717,2.693985725628851
8.85,1.709956594401342,1.4712706650062448,2.242803312454143,2.871256325998459
8.86,1.9273157673818453,1.5034909586518315,2.2708996476112344,2.9045516885695255
8.870000000000001,1.7229598082809523,1.4462110522575864,2.4262476987674746,2.7403444784010156
8.88,1.4593956087715503,1.36275897515436,2.0783887543750845,2.8472422266302573
8.89,1.6650640003956543,1.3727871092670583,2.2312503437838096,2.953132929379511
8.9,1.8866818490460415,1.2976570159079484,2.0673369227059384,2.928437573886872
8.91,2.0155173198796668,1.4895685931138294,1.6773694090539524,3.1326540749895053
8.92,2.1273635039364045,1.409712452602475,1.671761619263188,3.0820120254300067
8.93,2.290530765481348,1.321566629786578,1.6506355879561379,3.391188464816524
8.94,2.327196295971329,1.3217104937609152,1.582940573436632,3.3270243495934526
8.950000000000001,2.643600939516129,1.236817672530774,1.6415246282089857,3.361544525091682
8.96,2.461734240942466,1.5758661823405873,1.6905288656268476,3.335288923995897
8.97,2.5309071945548,1.4364481720883493,1.7291806105204117,3.2491584870622523
8.98,2.84885366182312,1.2906504274204695,1.5127143084568704,3.458406545412323
8.99,2.6237110858109016,1.5494927437711408,1.3272846577063733,3.3854029535342933
9.0,3.0375378395065376,4.434883908581072,1.0,2.925802652562532
9.01,3.092769005868879,4.30385551571139,1.4102514379460445,3.1704665399017085
9.02,3.1536186117595175,4.679837962144433,1.467330566845533,2.9283599676949965
9.03,3.53550936426084,4.438500414583213,1.5568684628292697,3.176644590742082
9.040000000000001,3.2766045125835626,4.458354475977817,1.9302351170856045,3.001469722644183
9.05,3.8091603429700296,4.52805841292408,1.8554040639651372,3.2257364071600043
9.06,3.53449228928684,4.698634109058485,1.8464792378266848,3.010500429635507
9.07,3.457498606740521,4.524784029714164,1.6299880715056654,3.1025678719768774
9.08,3.766531620225637,4.335973083776722,1.7664394434843866,3.227027643817347
9.09,3.668403472882665,4.605911301532607,1.8979198650685287,3.3973148915466167
9.1,3.8052102412882736,4.446570288189914,1.8528322019112964,3.302701313422276
9.11,4.071859022453335,4.814064408113202,2.122152342001904,3.253376201383268
9.120000000000001,4.173933209569448,4.521507434431104,2.1633641026809665,3.4066368913943657
9.13,4.055042563227651,4.175539979523866,1.9953930694040323,3.5473400960874075
9.14,4.383255882910294,4.577026106440795,2.42690469949422,3.333126025770619
9.15,4.473232512621456,4.822841506036773,2.315294389481341,3.3868393727936104
9.16,4.575650851980476,4.765744269418555,2.085264923265238,3.491216586130701
9.17,4.480494063829145,4.805241489913493,2.4191652395793026,3.501189937817744
9.18,4.661896111528099,4.363750166952996,2.5368892216397203,3.5887630641231234
9.19,4.176512420645531,4.66294626292321,2.7123120048641143,3.4217646058833315
9.200000000000001,4.464315066737061,4.409865254949537,2.566027704787217,3.736872082813237
9.21,4.40372465898331,4.556416637763675,2.8175969097627482,3.469712006362011
9.22,4.585783610850861,4.324538180099287,2.7788998603293438,3.700059754569482
9.23,4.4897678405107175,4.421873716898844,2.60177189127021,3.763748111263398
9.24,4.5650392769282,4.416950242111568,2.6499652203545483,3.7406130674855254
9.25,4.90022952604287,1.563432247041384,3.1220711550095586,3.7869937951596535
9.26,4.5644619584427755,1.548280320943748,3.1981525787223304,3.6551200705984614
9.27,4.649454932597916,1.4671438065996343,3.122127298779854,3.797437226966068
9.28,4.52881357571866,1.2151323009041999,3.3748829562931624,3.6093332064856734
9.290000000000001,4.556519661460411,1.3760088939796995,3.3685999124289627,3.728519488679952
9.3,4.51681626222918,1.3087212547243174,3.3729419684981368,3.65292954081619
9.31,4.554014570562236,1.5589596633683254,3.1809096806066166,3.9306909821494624
9.32,4.629784803393091,1.606738593958608,3.66989177426773,3.8306095005711245
9.33,4.661695386459117,1.5878754914217037,3.5421112243527464,3.918755324726007
9.34,4.393039265188031,1.3073114792089788,3.458200935798157,3.882969456351614
9.35,4.38117790802239,1.0,3.4770947678161583,3.686263554835732
9.36,4.03668699541215,1.1506225054535797,3.690036893609396,3.4338130136396328
9.370000000000001,4.141639977399418,1.644440576013499,3.4445056471985738,3.656405388815084
9.38,4.236286246816023,1.3621301038088305,3.889774846571681,3.63993884876356
9.39,4.147863654617846,1.3080075909118531,3.688372863250661,3.6095089632758537
9.4,3.9613516974721343,1.6786720964618946,3.965456200451067,3.4721677018099473
9.41,3.986506322472309,1.6202084623289241,3.8863528668742426,3.404841014883654
9.42,3.8347421570345768,1.4280590048948052,3.9919681350364207,3.3850438376384964
9.43,3.859020917798426,1.3788331639020752,3.977104388045922,3.523805830212399
9.44,3.6179291034075516,1.4038140521218654,4.137114730230355,3.3353800502274957
9.450000000000001,3.417577731895564,1.4594534172831213,4.5309386566879235,3.329075146770214
9.46,3.4318842137395684,1.6720726017508751,4.514173974734062,3.454007303193283
9.47,2.803094763070259,1.4897003250071186,4.412836813837766,2.915015682433457
9.48,3.2395737498474655,1.5367130362013877,4.416087348612026,3.2544430906998723
9.49,2.484815694559794,1.6053579639283373,4.6201009998535625,2.7343233842262773
9.5,2.695039495072377,1.2431244179709844,4.7303072069006,2.838644440315915
9.51,2.945828880374922,4.63858661796033,4.351078496753045,3.8233995370861127
9.52,2.8486354706937265,4.476060862062134,4.407707475641361,3.6682478478903833
9.53,2.4822654935242676,4.132012148528855,4.0630735322664115,3.1702323976727245
9.540000000000001,2.4558856582555486,4.192090354064504,4.472076219120513,3.2381245823378024
9.55,2.6956609797643307,4.36400455304263,4.559165554842746,3.5126804310474564
9.56,2.2992726872525866,4.603951606114045,4.1758946670552355,3.0941303381603356
9.57,2.6478081458316716,4.539305031721501,3.757244500933063,3.2292997869665445
9.58,2.193243609636021,4.550233793998143,4.132312870934866,2.983286746468989
9.59,2.172047682307591,4.823824265722773,3.8248883993465514,2.876252952115169
9.6,2.283761314723349,4.325136415673445,3.799294554055126,2.672306678616998
9.61,1.9624824440106916,4.5174322313930535,3.942309652939043,2.9315728184178953
9.620000000000001,1.702409904250041,4.568828900854089,3.818242189602493,2.603011425890317
9.63,1.7750863995939026,4.4076539258882335,3.6346111026286954,2.54950084331798
9.64,1.7197640208763119,4.526067820897714,3.5443760226634895,2.6294627564261788
9.65,1.4419330909522157,4.273896034891731,3.604711196911961,2.337127071007373
9.66,1.5644325418910747,4.740033601927953,3.454404005921139,2.4795757878988294
9.67,1.4337728445632907,4.416118920174364,3.2776657476753233,2.086290670873657
9.68,1.657660224494104,4.836284625165984,3.3381989523604823,2.638829149346484
9.69,1.4730131600346557,4.516651534337303,3.3819356188893535,2.4100667812341436
9.700000000000001,1.3870775198881073,4.680895924695786,3.2344577140702695,2.216431431617397
9.71,1.3872959004777328,4.51342580899604,2.9716407260478013,2.263217109165078
9.72,1.4184577290446294,4.516919536291871,3.293463283505612,2.1907491219456237
9.73,1.466338769173011,4.43123198322039,2.630094964714928,2.0933224064070948
9.74,1.1947514081798314,4.540129618167839,2.934219626090263,2.1321117710223634
9.75,1.184766017678525,4.570929434817645,2.8420020241578685,1.8392563298168056
9.76,1.5358293448138762,1.3028141834761304,2.9012019246003966,2.36410463275724
9.77,1.2995348577261532,1.4049069411681077,2.903368692312064,2.1364519198106553
9.78,1.1526537709880056,1.329786358988371,2.9299014898801046,2.3392442326564007
9.790000000000001,1.4764385538093516,1.7804225414701906,2.570056812812984,2.218709702590593
9.8,1.508015384687556,1.4103759800387834,2.714528116248805,2.511138828490542
9.81,1.2193062987691285,1.663583360083539,2.5874487794913232,2.160326768074813
9.82,1.5450353194674,1.3939765104551123,2.216645969884633,2.5264791339785466
9.83,1.6732893626592846,1.4644286049526445,2.732841668176065,2.3183533403213223
9.84,1.6665778124751034,1.2196324240925112,2.1319168042054644,2.6704511291611412
9.85,1.7655602417668517,1.3550343051162954,2.3662677625097377,2.699852717118201
9.86,1.4979330628817595,1.4568782123237003,2.297239174639894,2.4566885672541465
9.870000000000001,1.8465256302791584,1.6698976868183206,2.214585120500748,2.8826004066857305
9.88,1.8158205979966944,1.4586511853453052,2.026526501426027,2.7636908790751806
9.89,1.862995473471453,1.6385699626668453,2.1746686692330903,2.7509275782872917
9.9,2.162798613906766,1.5235026020723161,1.7266855297982056,3.1627133193337587
9.91,2.3456730605910083,1.676308935985106,1.9025828380604346,3.220736708049511
9.92,2.4843847169936586,1.4151287288015686,1.7582628094495218,3.37909585248424
9.93,2.4973804878988677,1.794447395449649,1.6757533727172778,3.377083619905507
9.94,2.359938249572976,1.3490991117130515,1.7892181090524502,3.406431365882501
9.950000000000001,2.530693464793403,1.3055703618084789,1.8291902643742812,3.5493811905837913
9.96,2.6955885231431362,1.2368712388133953,1.5365900415201803,3.688416814575604
9.97,2.6903113568355224,1.7852793707901249,1.652929961973122,3.408285807934592
9.98,2.7924320766094692,1.551180803844141,1.4711827298757458,3.7268357248719646
9.99,3.0061198099111386,1.372527205891494,1.2554412780204798,4.057400377558556
10.0,2.964768466778823,4.715117504960335,1.2931715026284882,2.671369134417567
10.01,2.9579450820345805,4.628184017758655,1.3507786397378805,2.7495894692435936
10.02,3.110338528052289,4.826175816295407,1.3512327872069814,2.7621834685492166
10.03,3.3808265961378914,4.2819673388877515,1.5963301273797441,3.09454656134871
10.040000000000001,3.3779365046834133,4.480584417133947,1.6294614938790168,2.9727461431342315
10.05,3.5303699432212676,4.450049969295163,1.4004100101862036,3.166976564985116
10.06,3.6796358839955112,4.216015798468868,1.454908720312872,3.103716602550518
10.07,3.6037223438855337,4.685894156499117,1.8528469187833756,2.963571715524713
10.08,3.8777711605105707,4.479804420440081,1.7178598058096868,3.2603739734432593
10.09,3.904242839713278,4.636227835125553,1.9617011988560178,3.282378381483234
10.1,3.726916743730199,4.887139696158611,2.1029428577807403,3.036620143907048
10.11,4.24127571744857,4.466973850413283,1.837477574406217,3.3834174570983384
10.120000000000001,4.002724674473227,4.456456710614949,1.8791668297565158,3.3816764090689486
10.13,3.8876265484288814,4.540058415002963,2.4393777761135405,3.3870329752684536
10.14,4.053838338657694,4.6745762497974805,2.291069863112936,3.509692076480659
10.15,4.120134548622749,4.433913766947997,2.2314787906523756,3.5286317720133007
10.16,4.351312517509816,4.423963564207828,2.2130460156016536,3.7792124185820932
10.17,4.350301746863339,4.685408183286697,2.3453861197954757,3.6928828801501608
10.18,4.386319338007808,4.580320874034877,2.300367725085276,3.749574010859489
10.19,4.581791351595051,4.2050129392553535,2.6979482052309276,4.040845888644666
10.200000000000001,4.570927787098101,4.331903914313644,2.4954342691811116,3.9672014849940695
10.21,4.595472881782499,4.7541778618486275,2.860279437604281,4.162959538062488
10.22,4.6328842271226325,4.583927644730036,2.6844424220252274,4.0129016192618385
10.23,4.68225040499116,4.403639248946079,2.6454360191055875,4.154030384177764
10.24,4.250314749648722,4.4952894325407815,2.808880320112219,3.9713183871503275
10.25,4.5361004217377285,4.5237308151977516,2.519955267297418,4.149974629496853
10.26,4.238603442819386,1.5382159493520904,2.9865444662103267,4.15140826656395
10.27,4.588232394995499,1.213917810731659,3.04289540555223,4.231287758305841
10.28,4.565708678768947,1.2940344823320198,3.2670560163529925,4.089353180059398
10.290000000000001,4.713707080117375,1.4665453912848112,2.8956602213146936,4.456527668968322
10.3,4.708331834263907,1.408811198738493,3.449796914972174,4.118337368125211
10.31,4.5142161991410585,1.5128366880675144,3.459235562650469,4.307789682567641
10.32,4.359814681997918,1.2338583050150107,3.5928524103716613,3.9929314361624377
10.33,4.473321690376868,1.4795812862392066,3.4474525997979346,4.181601372722187
10.34,4.25729187943713,1.593326625321212,3.683144767537726,3.8766726558224702
10.35,4.285398941287573,1.4996664098767818,3.3480532160534993,4.038322129969796
10.36,4.38305023235673,1.4458169136229069,3.7633605435532984,4.18360378607305
10.370000000000001,4.065479868369366,1.4094230883152634,3.5891230490456834,3.8467004419071658
10.38,4.214468641166844,1.2949788799159763,3.5119464622981895,4.120608381996303
10.39,4.117300835397293,1.4131221696561689,3.660961541827931,3.862937643813345
10.4,3.772302347810421,1.6193637847637505,3.90678668311917,3.6201363339080945
10.41,4.000688273773317,1.4058386275091976,3.837711005815734,3.9560615296443826
10.42,3.8684221415301625,1.286468311516064,4.094898130360159,3.4351596399300917
10.43,3.680996381728055,1.348038112203853,3.808151283056382,3.688065253375815
10.44,3.44747329903552,1.4553783894150132,3.821190849211174,3.2971032191260057
10.450000000000001,3.3359696409180555,1.3664263549263018,4.447855690233389,3.166616417890788
10.46,3.290307471386807,1.4994317403046116,4.436833400708617,3.2067917832809307
10.47,3.3660261920745755,1.5052456495222732,4.1872437065791726,3.3279877484868026
10.48,3.022629065667298,1.5619498120184574,4.419670195036645,2.9396586862044165
10.49,3.147058880042547,1.6447398621823275,4.648273444541088,3.1706861052878574
10.5,2.7731142894416334,4.675909896425896,4.616083293390796,4.064338919463379
10.51,2.8395313592614673,4.376994858168822,4.508254177917284,4.035577122035423
10.52,2.789009543443362,4.381750094919363,4.596148456469674,3.952090043558821
10.53,3.066975509314709,4.509946086517196,4.238441651665962,4.16190225354501
10.540000000000001,2.3480684137971464,4.451807133116751,4.296599156968641,3.2481770837370614
10.55,2.7121077290905165,4.345387717898324,4.2244384768615255,3.3525698063050124
10.56,2.402010198630318,4.453275856428944,4.119190935221446,3.3528084482947773
10.57,2.3509199577760658,4.448192833065306,4.0360997162886285,2.940807005209087
10.58,2.212736504733546,4.417631510484517,4.046171670747624,3.0160437383218848
10.59,2.1779944695692386,4.472774398648768,3.975709050004464,2.805019522841149
10.6,1.9967905690359575,4.7041880140618035,3.7374107486537307,2.602429089967127
10.61,2.1769168727813915,4.552536923621924,3.970468220888307,2.7880805821715455
10.620000000000001,1.7908844992456283,4.904490934372749,3.620424681393895,2.3377821133724117
10.63,1.9763825252144147,4.548087519127421,3.6779812866993624,2.425111095832719
10.64,1.6210973151356813,4.476758240538757,3.601317675536573,2.1603924866360398
10.65,1.653363665133588,4.5223209074738,3.64203764201609,2.1931646684486283
10.66,1.4321548227193284,4.561403864420775,3.1796573984724317,1.6763005244444722
10.67,1.6278165434258454,4.58908880558182,3.5990983924148217,1.952292811949523
10.68,1.7420658817837653,4.843301983316651,3.2828479517693694,2.072401647008328
10.69,1.4548654751365324,4.39076571818994,3.52341516043304,1.9288727644108534
10.700000000000001,1.4010017462120583,4.654721662548393,3.1862364831239316,1.6882269238988106
10.71,1.2238496267034955,4.553855266726926,3.1909485546439695,1.7458434948244634
10.72,1.3451307521415188,4.278364292734622,3.442070190351032,1.6813297461285805
10.73,1.1082073501215912,4.64103928356878,3.0256648253494833,1.4303576275479921
10.74,1.208825426660143,4.717998228406806,3.2050412912502217,1.6244549683368188
10.75,1.3903429213677028,4.388929584072274,2.947945437357177,1.4792605239884145
10.76,1.5705684104248085,1.4228890294821337,2.944148591469104,1.8910541252195485
10.77,1.8216805149816777,1.1570662971709071,2.824349765212529,2.0373217304937588
10.78,1.28722110531197,1.2293207471835963,2.8850788823231035,1.582145803272633
10.790000000000001,1.637137977703818,1.5865813929622927,2.5743754671005235,2.082608381753907
10.8,1.4724199993868112,1.3520385051783537,2.4621206460261624,2.1822812971405177
10.81,1.4428892103855864,1.2525518485548945,2.4533578037044164,2.1579791938144695
10.82,1.5779556552650431,1.459809242285401,2.5077219822435772,2.1495814167418468
10.83,1.5641020640991958,1.343366393179788,2.391929692940466,2.290094836911306
10.84,1.6237904249857995,1.351356277512418,2.4772788421683285,2.3826148722028297
10.85,1.596946947834312,1.5387723469192505,2.5085289315995056,2.26872286254804
10.86,1.4989313792878292,1.2443544982178696,2.0777492246121283,2.469801484736794
10.870000000000001,1.5426814981321308,1.2840583384588942,2.0523401607684413,2.498559685696897
10.88,1.970746308690686,1.448135053025789,1.8751970805205809,3.0765910751517653
10.89,1.896398372713488,1.57440551423765,2.36801553956541,2.5687789190259034
10.9,1.9250861463235895,1.6160270163593293,2.0264053914958957,2.692833589468623
10.91,2.1072921179119675,1.3212742391388652,1.9902682206061768,2.9720272557690732
10.92,2.322396706562902,1.5694445776378854,1.6335024775650213,3.5379334760957555
10.93,2.3135108017514514,1.3028321818098554,1.7844101873047695,3.4134793396478442
10.94,2.271391056328903,1.7070984138570697,1.8021548541399677,3.234646265402125
10.950000000000001,2.672281383926369,1.2486850363087336,1.6154152960416304,3.957618358561755
10.96,2.8272555525011684,1.6300146810382214,1.7646235425752128,3.581197400310361
10.97,2.7508282530585486,1.3226023479349585,1.8989926854318304,3.659383969865872
10.98,2.929048466509969,1.7360649276742977,1.310991908332698,4.062903480375438
10.99,3.0739024151773497,1.515850705733474,1.2346533396143549,4.379014220808742
11.0,3.1575424617303254,1.2669217235323413,1.1935662060383638,4.667476642925072
11.01,3.1756799359665724,4.440801558141102,1.6570308310437294,2.825862898531919
11.02,3.274495531857923,4.642662700749641,1.6307003857661129,2.985547735291751
11.03,3.3623090871207393,4.684704320091477,1.5056910540727768,3.0000510532839013
11.040000000000001,3.1995958178930572,4.510729093465384,1.597628095278211,2.8820477728990443
11.05,3.588801606164587,4.528597092575843,1.5248123508431295,3.065340125982023
11.06,3.35128087238889,4.6391272922741855,1.8633477864067776,3.037673222721739
11.07,3.535688333256048,4.542092522830411,1.7235462715344325,3.151321228260531
11.08,3.966479808746124,4.321355216720328,1.8070845416456645,3.4870667065121075
11.09,3.979022513597944,4.395775224707402,2.0109970864013116,3.5152477188853806
11.1,4.168130398170345,4.558093968525915,1.9472319921933567,3.4134974559201248
11.11,3.9634754621555657,4.70992310794516,2.0039653374162842,3.517944733651499
11.120000000000001,3.897129456474848,4.771948708836982,2.107706722539903,3.4714070046104215
11.13,4.116913111477132,4.642406888212222,2.29810625096292,3.631192501502974
11.14,4.239755259007822,4.566173684546865,2.499169721737168,3.701904444523931
11.15,4.298427083530112,4.6376499607077495,2.3929429377657545,3.797946655693802
11.16,4.5266022582378085,4.418420867865885,2.4922306853027525,4.065791505898929
11.17,4.336132802281682,4.49794990440628,2.3952988186486817,3.808439692788757
11.18,4.497970211918982,4.394047382501412,2.3779517624806985,4.07543903041438
11.19,4.321114766214654,4.328287564574146,2.6610784205800666,4.0034222236436845
11.200000000000001,4.588828117012287,4.573337718840877,2.647780860000566,4.332649288823204
11.21,4.544751948652696,4.550411368320164,2.4559206456426654,4.229464415049279
11.22,4.444930492565996,4.628177869309049,2.6961030285329386,4.0368177398265
11.23,4.544164815298327,4.606257410075134,2.7997851781198158,4.3315413402284655
11.24,4.5621189506129705,4.559259264324308,2.795356026132227,4.416508848113365
11.25,4.551381748374021,1.5104760731975946,3.1797923154985437,4.423500497821383
11.26,4.879067444898952,1.4176622726105101,3.08306482128931,4.566840884595196
11.27,4.566431790885631,1.4882172814554693,3.2909097364176483,4.296427033528169
11.28,4.526929117278385,1.3118143390071,3.1768497623370315,4.331922585914709
11.290000000000001,4.2042950889205075,1.4815291300211684,3.21187733214379,4.065100797213572
11.3,4.370908733309298,1.5277907430823063,3.1125642475059925,4.42879700664294
11.31,4.43871188348571,1.320558783105882,3.3292786810087045,4.372228487849021
11.32,4.329750364851526,1.4322998797634703,3.393741181845749,4.296446356314259
11.33,4.6186331649317305,1.3276950441549902,3.2362237896388133,4.565604955541245
11.34,4.316123340045321,1.3427323126623012,3.433502468624186,4.216644123987553
11.35,4.494454585353003,1.2500543494269356,3.532535801609869,4.55875523185198
11.36,4.233219148480005,1.6203037044846007,3.7152186100879074,4.110824394796969
11.370000000000001,4.161916818827113,1.5893157225464323,3.787193432366029,4.055482954639114
11.38,4.069492896331642,1.5075052232994057,3.6839136878471352,4.261390664369285
11.39,4.008123503354868,1.7297074194158573,3.9169654602255792,4.015009846795174
11.4,4.2056349763990895,1.3949640624221302,3.876636898187573,3.998051573225491
11.41,3.466879868786997,1.8938029133111343,3.5090187165242512,3.615907707893955
11.42,3.430790320289207,1.3890350471482709,3.956567611118401,3.2349383149586983
11.43,3.576439666165025,1.463794520610819,4.272141567644223,3.529641036941959
11.44,3.573384689168362,1.3626685921592911,3.8927512497494403,3.4774846084595703
11.450000000000001,3.587080531293716,1.4819348338812952,4.245416818293175,3.4580510445130446
11.46,3.4541289166116225,1.5536846488033431,4.546347273641729,3.4735570741287667
11.47,3.2158047092869744,1.4066303426365745,4.233636509889625,3.1047460710438637
11.48,3.342681678702267,1.6994339546722599,4.420497618212161,3.4282249900439012
11.49,3.2431204507143265,1.4613097693374577,4.274872757365008,3.138304850412375
11.5,3.0042088798873308,1.4661628042600705,4.810219254027608,2.801415585418108
11.51,3.028633320943631,4.3809039994645405,4.471042127792183,4.225899947613134
11.52,2.8154280380416012,4.5864939700199425,4.42764539542922,4.070161920665166
11.53,2.5796662590336688,4.500923995432223,4.573512644494375,3.76576558500921
11.540000000000001,2.6844040853125732,4.427482509217539,4.397891203917703,3.8661232653198128
11.55,2.491452966057733,4.401427935323884,4.086589343082988,3.23250831672266
11.56,2.3779410315752623,4.935457939617772,4.059004543045749,3.225903426776926
11.57,2.5230126056442077,4.48087601614767,4.17828091695288,3.3591052446362126
11.58,1.7963195528740092,4.2960369149386075,3.9341623446660736,2.171388245682423
11.59,1.8761365149277447,4.4135470016264104,3.629929051033469,2.030985851296484
11.6,1.8293003740093634,4.513694513730547,3.897341767461103,2.361257912211764
11.61,1.8823687127738464,4.606343394394461,3.603739140886933,2.2785298439750417
11.620000000000001,1.8236022747360765,4.607602411715982,4.037077967253943,2.4360777318336995
11.63,1.548564898423167,4.6264684201274395,3.741462958037568,2.04835523893301
11.64,1.5658622202347896,4.421811065350941,3.5033048623786196,1.9481886408917295
11.65,1.5236047608196248,4.57440499772795,3.4722153915545824,1.8894825202081926
11.66,2.0041947431605753,4.386005156752859,3.2165722463546658,2.3155374684154095
11.67,1.846091463485461,4.425716482631058,3.279236673972243,2.032969770290122
11.68,1.4411051346076333,4.379554879950529,3.554971084121334,1.6882296646912565
11.69,1.4084740337873993,4.337634575603179,3.6860196606433386,2.08864227984565
11.700000000000001,1.2466508239153073,4.6864954074309075,3.3798149444265273,1.6445984018131692
11.71,1.095237656229344,4.628326423558214,3.1840062878836926,1.4935331494842874
11.72,1.3633504671348236,4.672937413737633,3.0650983116526094,1.6412159944261
11.73,1.2046350773150953,4.527769276940004,2.9165211320521474,1.2984944365363766
11.74,1.3430313970572865,4.64198537402129,3.3369662010158674,1.7921691901717414
11.75,1.094225662574817,1.1515010068527922,2.9113379472913863,1.4618751868168964
11.76,1.233283739416251,1.5579393401393333,3.217380175114462,1.477770763180681
11.77,1.3904554101274242,1.451703242189661,3.037051980599974,1.678886014174314
11.78,1.4416492395735334,1.5213933429492943,2.4690714524292314,2.1046922420827787
11.790000000000001,1.4721692678343665,1.4831269858840945,2.577521935682248,1.8921355809618428
11.8,1.2188891020663342,1.2714069835689736,2.512743114373836,1.8577260663690311
11.81,1.60593001799993,1.192270585195866,2.5431482092968674,2.1339073447760333
11.82,1.3781435059969045,1.3139964997289633,2.482005301825976,1.9448754073941235
11.83,1.6566397551015861,1.5117615929484596,2.908925418535532,2.190850898759848
11.84,1.60417327424573,1.5311473625435545,2.1900190800107238,2.478447511700793
11.85,1.4400455422101983,1.2124188382148895,2.3356491593325996,2.3807277436766507
11.86,1.674286728856885,1.2723293587616045,2.333646428622549,2.433061492162316
11.870000000000001,1.8520887674454147,1.3122648131656827,2.1700364169412625,2.7990152225438667
11.88,1.964217841876848,1.3689366396520715,2.123713755551547,2.6642673540065154
11.89,1.918394486969031,1.213331248961714,1.8738199270395777,3.0377977276740964
11.9,2.269969108747455,1.2040388794384749,1.994556439716864,3.1685605169015822
11.91,2.269210003603815,1.2969946509438062,1.9953459491093717,3.0956821892247617
11.92,2.1519565016053397,1.4376307883644865,1.9015269086281372,3.254395427996447
11.93,2.40585666208302,1.2414334903618673,1.8762320693784234,3.325987466640868
11.94,2.6911514380776405,1.406338084063305,1.9473288710972319,3.453474844749996
11.950000000000001,2.791278527790327,1.588211131240253,1.8066093514720305,3.722328212626561
11.96,2.372269384811509,1.2226654579890028,1.6032101584167107,3.570612837874056
11.97,2.520499258570311,1.3923002817711454,1.3391641289502747,3.853376725791241
11.98,3.011912277287407,1.5829771180617795,1.3667656238694823,3.9677592307581677
11.99,2.701081344979582,1.3594952236489,1.3636116567970338,4.03693796517581
12.0,2.760020628877367,4.432836385293621,1.3751786829629038,2.7998636481348482
12.01,2.9973453527416627,4.701871921484418,1.3220371401709863,2.8124070122375073
12.02,3.245625942318184,4.474259204342072,1.3128126306879004,3.0078108444805336
12.030000000000001,3.2614865837249067,4.692734445012402,1.336522092532718,2.8846767231470105
12.040000000000001,3.2720085683618376,4.588114892772446,1.3264010716610515,2.880919861380463
12.05,3.3659532358614257,4.468584353847063,1.618276959207567,2.9570234131445097
12.06,3.455575050276708,4.595970715982831,1.4841345322572428,3.1271862088038267
12.07,3.5219261661127916,4.5713089942309715,1.6238092152794972,3.1291568937272607
12.08,4.1250041894079255,4.679785388562113,1.7855782063856254,3.264822590971112
12.09,3.891060695635924,4.436758347282218,1.6984738786827034,3.284903410435801
12.1,4.07077931284436,4.528062446745785,2.038471518656344,3.4168508347036526
12.11,3.9282389591443403,4.512153887638828,2.160682621601719,3.2699908544069696
12.120000000000001,4.053745250766427,4.6307325585126975,2.017711836678303,3.4218822647938327
12.13,4.040230754194898,4.362910922790897,2.100056783766267,3.469448192259353
12.14,3.793431532302739,4.679180499927816,2.3209382414541464,3.26211276658266
12.15,4.062278114859685,4.593901374960227,2.1841104213193727,3.408380067900376
12.16,4.049392809052696,4.3177281185010115,2.237345589403932,3.478269310555805
12.17,4.030044199068656,4.708805006915285,2.6196989760184195,3.5896619990722805
12.18,4.247170026789956,4.8676757604269465,2.633791036077792,3.751590888946583
12.19,4.6960982607101975,4.676835285103774,2.6526516817014816,4.039292278996436
12.200000000000001,4.508638908443828,4.7426785639824525,2.769016956069804,4.050634317455093
12.21,4.753421570695188,4.534902347215008,2.3667858742385155,4.040315335280603
12.22,4.633071285820014,4.2643628960268565,2.9663927827237897,4.329625302031861
12.23,4.709224287858194,4.236081153574165,2.8761132562374687,4.286889388038336
12.24,4.44595339340759,4.561185507273191,3.0398260417479515,4.112943608337984
12.25,4.6800897723502,4.430000844834135,3.003889361661544,4.369148851569426
12.26,4.710079365406761,1.2826318169343398,3.013814961926719,4.080002666921928
12.27,4.48892534134978,1.4145550165259193,3.025990894236409,4.267298906059262
12.280000000000001,4.6571494039353745,1.5196085679659197,3.193517892418272,4.177312029516255
12.290000000000001,4.63601533745801,1.1992834625658515,3.148698642970158,4.369866209110105
12.3,4.426770072595968,1.354754759623734,3.402551352777141,4.019850626953389
12.31,4.299373263655255,1.6581069149028016,3.072410805972912,4.161340696697735
12.32,4.248990279551201,1.2577422676214756,3.304609670999265,3.8383272059903226
12.33,4.408707941903774,1.5589728940204193,3.7845374907858993,3.96707605181988
12.34,4.3958577867346325,1.3492021688909306,3.4195930117573665,4.077569212552392
12.35,4.157172763091897,1.5087999253211752,3.546131222835681,4.011181669567453
12.36,4.227527044032327,1.594216183590894,3.5069358400141732,4.050614273117699
12.370000000000001,4.248355110495629,1.539075233380243,3.7670243023848364,3.9196535690502996
12.38,4.184080761269912,1.5650745427615664,3.6590131005129174,4.151641554906235
12.39,4.259035591546555,1.2459248571671253,3.8117874830749687,3.854058941350921
12.4,4.134026119503999,1.5967455580499956,4.042314488908376,3.9492246476360733
12.41,3.6805519143977135,1.2922156879447324,3.8578851739321345,3.355906410432815
12.42,4.028073305176494,1.4644679612467055,4.161194783175684,3.797471250725562
12.43,3.5784161120079014,1.4642673144600977,4.230879184986541,3.1640989400471504
12.44,3.74038210018331,1.4994037514744325,4.332561234983812,3.4267868719989973
12.450000000000001,3.486248219070609,1.4764572402708134,4.249892406003839,3.3733997739514883
12.46,3.310650541525643,1.2935914228872751,4.8124736065647,2.9835229294081036
12.47,2.9850930167289147,1.2152181000040339,4.525338771357872,2.844379725104144
12.48,3.1497089356705485,1.559373620093963,4.472361552259727,3.1501937534204725
12.49,2.823403795219902,1.4530528987210591,4.343669049274876,2.7049782301921503
12.5,3.1311559661388113,4.699685310275511,4.533118023340593,4.036002182601212
12.51,3.1184470539457414,4.514753038323394,4.713651241833996,4.136096278956726
12.52,2.6420752899954083,4.30406246382827,4.694882182092085,3.5540440683691292
12.530000000000001,2.7196140956597965,4.671305747253445,4.593444606083331,3.764836884296968
12.540000000000001,2.453731710864205,4.464321397604998,4.41777258812373,3.370947115154613
12.55,2.3716606283322554,4.574647062336446,4.025516569506502,3.0460763690156125
12.56,2.5032532989791294,4.421408538282357,4.241314131252863,3.407133931419031
12.57,2.2780313226022963,4.7763345283171486,3.8992442550964834,2.880747964353244
12.58,2.4755154207311714,4.385926891430583,3.795418079651278,3.1321426910430197
12.59,2.0277537122137543,4.469422961451652,4.008613490406145,2.664418056824821
12.6,2.183671281594861,4.538321471012203,3.9899783174469543,2.9541691204647145
12.61,1.9570343641990504,4.352534120083602,3.9867927765041444,2.797757901110277
12.620000000000001,1.9938479539729541,4.57286854155527,3.857226230653813,2.8594109636983056
12.63,1.7203960050760867,4.771318084777816,3.7984806543743175,2.5410492738082793
12.64,1.717503324727912,4.445722769709164,3.4905324647699696,2.3992198408625915
12.65,1.6444092740487144,4.582876777122554,3.5676185475534505,2.3868677434731467
12.66,1.4703901710291505,4.095874657301696,3.2780064971666523,2.023542929489199
12.67,1.6613762940330403,4.515651864948756,3.1339746991920268,2.280398641627766
12.68,1.613232916221428,4.473199858677983,3.5106679843236335,2.5072917745606227
12.69,1.5636061267209393,4.39491978594657,3.2063310609349047,2.3036563232924214
12.700000000000001,1.6820228668064356,4.689165525213157,3.4032941936599115,2.4743612754095663
12.71,1.6394143214949413,4.471155353097243,3.3769143990348294,2.488373258438342
12.72,1.321523596663571,4.494194834823949,3.0349890433839275,2.0245466193928463
12.73,1.4268300552771698,4.463264830598987,3.1650999855943183,2.2160757284245163
12.74,1.2557112396636518,4.224822783890373,2.8997016504905733,1.9788423905859012
12.75,1.3573710454222985,4.346369640735477,2.645029647044018,1.9788185256453423
12.76,1.259577027939786,1.5731175647198494,2.8972052879415684,2.251986920542365
12.77,1.628945647607809,1.0975036968812295,2.737435545714768,2.4081082067398962
12.780000000000001,1.4412421863546365,1.305593047935929,2.678101007279511,2.2440180515746873
12.790000000000001,1.3691678039000437,1.3623678117749136,3.0019900494373273,2.3312416801493496
12.8,1.6263734700990562,1.6943080569251192,2.375049580434847,2.5194098810046643
12.81,1.1155918380899896,1.543306602525814,2.617509000504393,2.171237491403521
12.82,1.181397124022742,1.3379833926165983,2.3318280603147987,2.5223678378252226
12.83,1.6830555319171459,1.6263031940275856,2.5733779777324948,2.5815338478826075
12.84,1.6156982552339834,1.3095886316199108,2.4110937098126035,2.4273688981181016
12.85,1.703721350761919,1.5805523228712008,2.35981500648354,2.7695511063732665
12.86,1.5105546502063139,1.2138227433648974,2.082722823582021,2.7070414340391427
12.870000000000001,1.7891052299507368,1.5904885030609655,2.0472556110734823,3.021935007250321
12.88,2.189596009927418,1.3613745365808418,2.2550205820773304,2.937291071705979
12.89,2.0748312410589627,1.2649877465116712,2.326300621921487,3.0322621620609946
12.9,2.049205606574949,1.390643500619585,2.0546312621733778,3.18676635845694
12.91,2.0347520570918953,1.4672250284471189,1.7689422601647613,3.094646236027721
12.92,2.129602752805563,1.3476507283767594,1.9033489664830838,3.1575561567549757
12.93,1.9391790268891251,1.5100636285623885,2.1747039267103667,2.9680073599467853
12.94,2.4194820059225686,1.333984118758453,1.7367762120241625,3.2715191374745975
12.950000000000001,2.6105600548040853,1.5203499490516794,1.8909590239533438,3.362714125048031
12.96,2.3159275270130175,1.4927597338871634,1.4727785206795723,3.4192555996620877
12.97,2.56346906494754,1.414837442739494,1.5207075677579818,3.491778550344498
12.98,2.58363706885304,1.3559155610428735,1.5627561061633894,3.5025598494201695
12.99,2.716143335292905,1.4477418066376209,1.4627598274493396,3.597649442577829
13.0,2.9830452021349494,4.606898869711803,1.2114634476678896,2.9300179310895462
13.01,2.738309184935418,4.840992528931807,1.2688142643757327,2.7242088715368573
13.02,3.2770763812802297,4.667169273296093,1.622010945782817,2.958439162630729
13.030000000000001,3.400267127623147,4.672832811139334,1.7189585813781068,3.0445674018136266
13.040000000000001,3.3367528653745446,5.0,1.8347610888523898,2.979763356580487
13.05,3.0731579261229345,4.6015875477213495,1.9459343709475894,2.9442104792462676
13.06,3.409531357628289,4.596737786142938,1.741950355117535,3.0881480201297853
13.07,3.864303996614936,4.630711950322414,1.7345870862938084,3.056107568051968
13.08,3.304944216226051,4.3654218703530265,2.0659903589219057,3.049079868864494
13.09,3.78651406707567,4.452933617251549,2.027755274503261,3.242285690035799
13.1,3.7358006750534165,4.44329020374364,1.8195586319068093,3.1695143951291755
13.11,4.1379122655364435,4.621977089219373,1.8756155153498022,3.4750336626919167
13.120000000000001,3.9744630646969026,4.494706360157256,2.1850626435540264,3.329068662266471
13.13,4.221355480112253,4.543087564984718,2.1418002067100854,3.4607473433124265
13.14,4.314867448391018,4.690095390473375,2.230323437995252,3.4238099509874647
13.15,4.583238549529462,4.65535735610956,2.4712136108358473,3.5624800330692405
13.16,4.30996365747454,4.496635047988957,2.485115158866663,3.387334683728663
13.17,4.455636143501414,4.417918430049699,2.6411329037449347,3.611693805868452
13.18,4.200216269020393,4.697501310808039,2.1812915019579684,3.345791937458425
13.19,4.674291791445691,4.641533691686142,2.5967020698118706,3.667751796184256
13.200000000000001,4.392578470644761,4.272919192218026,2.731901268258081,3.4387135644152558
13.21,4.4533615698945,4.473182566934732,2.439214252988995,3.5335086516757777
13.22,4.56285368362439,4.547314293907846,2.643580611929833,3.862708136344943
13.23,4.329076896777795,4.64229852482013,2.6780373439061087,3.638411990181005
13.24,4.62904884306573,4.662628639036179,2.880875903990376,3.9104138634797985
13.25,4.751974349815556,1.468241260434431,3.2032741979088097,3.9533268431152426
13.26,4.639448455133929,1.514910147140045,3.330991770480036,3.7652439112139984
13.27,4.324860696872703,1.434205514237038,2.939374641545953,3.645756862166815
13.280000000000001,4.546392684040953,1.3199129332078896,3.219136260912022,3.626761550573354
13.290000000000001,4.664515517345108,1.3838104975915713,3.288599277043743,3.89394644849433
13.3,4.2114582965919976,1.4272137941616407,3.32537295678167,3.642967127496909
13.31,4.307153453926224,1.4189018315644464,3.3914793797507805,3.907846095941436
13.32,4.582982196303959,1.132253170127277,3.4404561485121685,3.685633996622152
13.33,4.438464032112519,1.3627142137318353,3.727125300270214,3.850142782783949
13.34,4.409628307404466,1.4329772138849806,3.6973783150239794,3.668547588265616
13.35,4.587009963625941,1.3806967349173056,3.4141172570772733,3.921056923876493
13.36,4.299160742200742,1.3860469185599174,3.776646550770487,3.7785154751171404
13.370000000000001,4.262512880505253,1.4998480455586003,3.8564608166047476,3.5320031353507533
13.38,4.523240226952883,1.2571740779993483,3.8279508574266154,3.7230604754003456
13.39,3.972854953202033,1.1721370540728053,4.023441002688434,3.358441075568341
13.4,3.7977340308568093,1.370351422585579,3.936122150584,3.263525643769737
13.41,3.912177228234012,1.542611333497213,4.002395677892535,3.5399901344086198
13.42,3.8263503998749395,1.6856246545047746,4.053945318845774,3.445308993464261
13.43,3.5791067494369257,1.545401143313907,3.7744022854361186,3.3353508930394535
13.44,3.403700010864932,1.196882008965117,4.1501046428502075,3.220344260332303
13.450000000000001,3.849606582579416,1.3882858113537466,4.119915949335405,3.2661883770484144
13.46,3.4304258603150157,1.4640176934150817,4.100921092926123,3.3432902324593807
13.47,3.15939477465959,1.4517762305885544,4.586323657949163,3.045178050115408
13.48,3.3259691498960002,1.5077949391788024,4.501180675870923,3.2117750601430033
13.49,3.058457123641761,1.2822488738036388,4.479640067787441,3.044534991375808
13.5,2.933390141456142,1.4343303839533,4.457949414610585,3.075833552902193
13.51,2.9637393165910892,4.58677641574177,4.5320298465479105,3.622067154666954
13.52,2.5618507752133004,4.6495528463311,4.579480507540824,3.2436649508875184
13.530000000000001,2.727824450905003,4.396898942424061,4.2229733008154575,3.346791062054852
13.540000000000001,2.881352591384597,4.468226260262408,4.290812698282538,3.4824026589037587
13.55,2.5490825576695944,4.1029394901847205,4.366809039062348,3.1471671129488255
13.56,2.3167477395076665,4.425434775743615,3.851900905773887,3.00375955516259
13.57,2.202086387393636,4.440464496098379,4.089491501107915,2.968359905717471
13.58,2.12704723145772,4.363777374155378,3.9654723545698443,2.819703208329024
13.59,2.064751483147801,4.547329268051604,3.9486725477132367,2.977567795093131
13.6,1.960465162672884,4.5130165541691,3.825283830446714,2.761166946772362
13.61,2.0897606450108057,4.171795463919677,3.8637328936743467,2.8640427201905396
13.620000000000001,1.5839519202810803,4.555056654070395,4.08646977135797,2.6973796567686232
13.63,1.9325831487479892,4.377910906330625,3.660996582521028,2.887961813361729
13.64,1.663996515989226,4.5968996950858685,3.695649856768323,2.674079904740578
13.65,1.724224601597086,4.3231600163428485,3.9050535298897593,2.763089666514678
13.66,1.4232363605237164,4.526327971199818,3.431816982220902,2.453574152003731
13.67,1.7694100630215501,4.477827225042384,3.7475516842744687,2.75894370392096
13.68,1.7097325543784423,4.568622359809715,3.3924987882517277,2.771287319793107
13.69,1.6229328961156062,4.5409927649087765,3.613720319430635,2.722468155592364
13.700000000000001,1.187402671366088,4.482163465516061,3.383640453005567,2.417840036654432
13.71,1.5388889982553562,4.283757721172391,3.248151639763021,2.6128365221622882
13.72,1.4479128669875216,4.2929050414373116,3.1239689866137637,2.3235888694134124
13.73,1.1061850908439501,4.43125403585783,2.9699480508448364,2.2460840025890105
13.74,1.3528457986495406,4.5203985372081394,3.018132565975724,2.3874348577689495
13.75,1.412669069299669,1.3300730115530957,3.0858807536325212,2.361084292543938
13.76,1.44691209467474,1.5210994500826218,2.8752818437841627,2.4088020026204644
13.77,1.3950964279939229,1.3810295626892297,2.7622243898125864,2.3612095540062814
13.780000000000001,1.429496841159989,1.2748207037304045,2.708523412704891,2.4614214028672743
13.790000000000001,1.6433474294803698,1.381203734015006,2.844038964831901,2.6022195204680307
13.8,1.6316273199234361,1.4592516270113585,2.8171506634819785,2.609149299542889
13.81,1.0027135219750307,1.4745876512891662,2.448765780930266,2.4149698363756134
13.82,1.4563909573059823,1.7151779699281116,2.384252987422439,2.684170276683618
13.83,1.527380198756965,1.3206783567026146,2.4883809598052613,2.6727161391404337
13.84,1.3219189675344238,1.412892950738138,2.608615762016086,2.6727623118333774
13.85,1.6783943402796417,1.4902666121631616,2.4830184733105405,2.729044832558981
13.86,1.9279333526920626,1.4206450979525225,2.033392548782161,3.0715671030988965
13.870000000000001,1.6167609551122681,1.3467416831291048,2.1278508445489615,2.9081094243082677
13.88,1.9193925174743893,1.1843385252471887,1.9564550466109498,2.9329395211096094
13.89,1.7928098094837424,1.3451594630363473,1.998734963361024,2.9553993909827954
13.9,1.912796800268719,1.2579878870609802,2.2352795573188065,2.844996675966007
13.91,2.345368209761604,1.1568723345073457,1.6845434746911705,3.331831591496639
13.92,2.105617477745094,1.3010455118457112,1.5887210543504988,3.2071739038516616
13.93,2.3591925691709053,1.26210909586708,1.6514458166707127,3.3804525709727304
13.94,2.07443846413042,1.5146838836271903,1.7664885148928522,3.0573790664488247
13.950000000000001,2.7753676993490197,1.5173639613347907,1.7557927002548923,3.388192474015601
13.96,2.6689799232383766,1.2842884639806225,1.6620527305931643,3.4920993229690187
13.97,2.641091524198597,1.3839709062427739,1.7164089384565095,3.4815042737142243
13.98,2.8645220088778074,1.1364858159965778,1.1798533655361745,3.663021034343694
13.99,2.6441043101264596,1.3477139898954695,1.5898784212091912,3.4523203595580747
14.0,3.166040501590222,4.583471337279697,1.2844704416391923,3.0305383279757345
14.01,3.023636104080298,4.649439316456028,1.5164618125642302,3.101560091411029
14.02,3.144440552732718,4.411250951456652,1.2505087393927876,2.914479892763707
14.030000000000001,3.1983958381072393,4.684582041060548,1.5282675498503142,2.9133963629609805
14.040000000000001,3.283339879849611,4.2869450150272765,1.6297225716830663,3.3490304992515587
14.05,3.587820614892894,4.328460215899515,1.8417690076638986,3.136300424821509
14.06,3.6125071825813757,4.63158647121579,1.465558829091689,2.949053893607653
14.07,3.770111094890587,4.780488078150321,1.7895402832091691,3.077119747542761
14.08,3.7537736796653185,4.598098861170348,1.6744778048859672,2.9244811125433543
14.09,3.9260193391737834,4.5154330042441515,1.9943973180782242,3.281453260101973
14.1,3.8591675354052843,4.181711836648493,2.1023458338147147,3.3821749743912592
14.11,4.368901209510206,4.208463638940559,2.2485795025665887,3.3331021480442264
14.120000000000001,3.8297561479824553,4.541722554435882,2.02002559044988,3.2068890718687215
14.13,4.360254589154716,4.466227533348341,2.3192985275779745,3.51058901745112
14.14,4.444927365974706,4.35041969680495,2.4532738802478833,3.376451949736966
14.15,4.147507502239972,4.531829903980697,2.034775450073992,3.2707173817468185
14.16,4.704175041018873,4.539511288470885,2.4615410560525537,3.6345803386191227
14.17,4.556035398862228,4.667942920187408,2.5814533546098426,3.510949640222609
14.18,4.598314136981143,4.542836497984999,2.450119576232984,3.606244311350508
14.19,4.485892407245812,4.711922787236123,2.361403100276765,3.4774514203568914
14.200000000000001,4.480633256927966,4.522918884881154,2.771798933573582,3.621482388775328
14.21,4.510307316820034,4.503818868160298,2.491777008232515,3.626660581063086
14.22,4.629756446579235,4.686511312217803,2.720163417427741,3.792243727674574
14.23,4.809490887284459,4.370149304763489,2.80665898681241,3.8332421427217045
14.24,4.6213572464448625,4.95755548076073,2.992379105305067,3.788062781052195
14.25,4.447442266549626,4.579797126204985,2.8409681951473216,3.6112831398792364
14.26,4.725592417449223,1.4832518042788534,2.8959368322178953,3.879872136931271
14.27,4.731687145931829,1.5055944507104253,3.0861304916212116,3.8196260346213258
14.280000000000001,4.672566234382471,1.7149855191799068,3.2962476268255134,3.8026182501108914
14.290000000000001,4.665077932504481,1.5470085700394556,3.5664014816958325,3.900023485757891
14.3,4.471929287980654,1.1756969417321357,3.0208207106109257,3.714629749113757
14.31,4.330780838563783,1.6416286569399876,3.3780384371057712,3.7951197113527164
14.32,4.300196733813854,1.371477827824899,3.2170322729338365,3.8345967733007034
14.33,4.1296127366722075,1.4408677714745386,3.619652729378566,3.6619918002534186
14.34,4.381260736419794,1.2261540325151266,3.3693786228119307,3.7070124183737128
14.35,4.272099354751218,1.5057657442229955,3.476069760210953,3.4614674368793485
14.36,4.151905290190925,1.323394017097437,3.554072093165817,3.7186371429635665
14.370000000000001,3.676838832698655,1.4397859343072155,3.700806873032342,3.3653748157390235
14.38,3.881720815791295,1.3802740914812155,3.829273505354097,3.4159583184945497
14.39,4.18917308901036,1.7224001455391722,3.919348996011414,3.763000508959389
14.4,3.819332171299763,1.7312660891608098,3.9049709334594356,3.403426980119964
14.41,3.9012847455185957,1.431476135076206,3.756460118662882,3.468279360995318
14.42,3.5297980292474027,1.4341808757470018,4.151419936056698,3.3230148029195883
14.43,3.8976604568823814,1.3664373555003615,4.090232525493651,3.397873578903366
14.44,3.547686144699855,1.595560270484555,4.349721053394063,3.321712554463579
14.450000000000001,3.5222385012276023,1.3733326656904168,4.113570016509496,3.375832815551998
14.46,3.754411722317329,1.3590199442780913,4.03409585699358,3.430437558940567
14.47,3.523866246739867,1.5758277005167893,4.35040231314639,3.44187559625373
14.48,3.127828072898078,1.3409060190104614,4.6284176991601935,3.1141029133787583
14.49,2.979998662882389,1.4184254835648713,4.51029818513774,2.9394277287127766
14.5,2.921612893949596,4.276782595193834,4.516628024882676,3.4268214716794447
14.51,2.955250483135459,4.630739094583525,4.3445653620606715,3.5647670721453064
14.52,2.754183294416595,4.822263707286221,4.702633258310021,3.8365319421778996
14.530000000000001,2.6066101125383625,4.633377316325426,4.190408660026567,3.2001332302824332
14.540000000000001,2.8091020006194576,4.748070284477494,4.175014507350838,3.477168554318374
14.55,2.4550138472518657,4.390644660449772,4.3189139024742325,3.271956548852635
14.56,2.7504392723379687,4.5582804849830065,3.8647541234424567,3.425764682683345
14.57,2.2989850464756305,4.3756132808776425,4.303575696189174,3.0505090662314123
14.58,2.4829176317454635,4.486406702525084,4.134772067462663,3.165277240313869
14.59,2.163827554862175,4.641273555305441,4.114690103078912,3.0196152304040624
14.6,2.1777755301485593,4.537449846462236,3.995589727734163,2.9736554458700053
14.61,1.8238013532989978,4.302904550121298,3.815722721597148,2.6315071653296838
14.620000000000001,1.7264923927300033,4.318021747859627,3.606481394846737,2.5212460207475704
14.63,1.867379671341429,4.307779420166464,3.6905416306950123,2.510810555343003
14.64,1.8857596285845353,4.597792310950259,3.4920457023914655,2.5647267838920786
14.65,1.6696539709053289,4.841317041747132,3.66261612790903,2.5576089226116627
14.66,1.3974000677748286,4.732685314793996,3.6498601299905076,2.3107623980310397
14.67,1.3335972002219008,4.228048838725453,3.6932549773603345,2.373255748048866
14.68,1.2765320944850456,4.7417634611809625,3.4513880953197713,2.2162333668266365
14.69,1.1809086414614451,4.6667015639132945,3.475944985172363,2.2583630194987707
14.700000000000001,1.4506581010945587,4.282359608171788,3.215327244476878,2.217208848985747
14.71,1.5868519167438166,4.474723887166375,3.1219366440197795,2.3017599988762845
14.72,1.3801198870972562,4.691344852637203,3.2106373448491765,2.098235764739006
14.73,1.0,4.606926710440574,3.0081263921441925,1.8340536557461489
14.74,1.3258656078489877,4.318940757111299,3.04921189328257,2.203206469151902
14.75,1.3271993161719295,4.616266735072072,2.7711323400137253,2.1323257365396566
14.76,1.696501553606066,1.0932370249186674,2.735707361060692,2.3524927324635088
14.77,1.1301944129320134,1.3897640592818965,2.915220247421348,2.017653126910476
14.780000000000001,1.3189736198362327,1.6005084541360757,2.891320396439275,1.9593632543571968
14.790000000000001,1.6809888956794623,1.4271213410067145,2.5261440959536916,2.4462736431396497
14.8,1.5058449077278004,1.3470019577269028,2.7280324337188233,2.4664389765636674
14.81,1.5587045910047843,1.5620060413402266,2.4703668526819005,2.4816704618488705
14.82,1.526412868418439,1.5752328357438314,2.4943505309352174,2.4315149920854493
14.83,1.6075436562665102,1.6271590072621596,2.655125633443891,2.145974330513826
14.84,1.7319318586674508,1.559682392741701,2.492901306913809,2.5790279863196433
14.85,1.5319283928830942,1.5917455803269096,2.4267528785524806,2.508239324814046
14.86,1.8678507495300596,1.5377784709741578,2.5413220793106444,2.7170747809605964
14.870000000000001,1.5703357937171267,1.4653951523634035,2.0571724572293517,2.8043670235847564
14.88,1.9180905413483629,1.4381349168804216,1.9475726798330675,2.918960492037222
14.89,1.9702158628863196,1.3875281110073898,1.9256771243697874,2.99922784603452
14.9,1.92181146900221,1.236512645146355,1.936544159204169,2.9051452871857846
14.91,2.102236723611382,1.2763231350356894,1.534774907737524,3.311497336068991
14.92,2.09265401078581,1.38059692248139,1.8155453615914325,3.0915333567411585
14.93,2.110577150796156,1.4616664165309545,1.6970832346185856,3.110141293969161
14.94,2.3204103003320586,1.6474118608608763,1.846270137010395,3.156084392413942
14.950000000000001,2.2945913685632133,1.4177994674064902,1.712669983324533,3.499271558217907
14.96,2.623621270902605,1.5796814071224807,1.4952181320905178,3.602927108607644
14.97,2.4842660825913594,1.5914266808546897,1.6222803576227145,3.492718438797914
14.98,2.8866345478714477,1.3884283605364942,1.5794208194198263,3.6985303251044086
14.99,2.681113517422967,1.5163725388766833,1.2753985962928878,3.6416685679666396
15.0,2.882592358700089,1.3865573333042398,1.255394344886577,4.042464639906121
15.01,2.974912097313247,4.7264405758791295,1.0412814634180565,2.6051259976418972
15.02,3.392294592727957,4.620154165523972,1.2879151984641442,2.968108498667207
15.030000000000001,3.331616060332797,4.337310137564704,1.408152775858029,3.079338495244074
15.040000000000001,3.3431337239174743,4.5466962355431635,1.6036716315725807,3.0280942318119917
15.05,3.5560610194414712,4.776924654521961,1.5041073333271258,2.9444937252514283
15.06,3.229498118087761,4.493613521386246,1.63780235151845,2.8073568918289253
15.07,3.6574852677438163,4.591018657070153,1.5876820372608658,3.043236610595471
15.08,4.078954477483945,4.606221326329664,1.8763787917356396,3.260535557240596
15.09,3.8642909664964513,4.361138631534644,1.9815760789325603,3.26950851244686
15.1,3.93806148330549,4.600774396359741,2.042105555547825,3.39905062294557
15.11,4.096348381664429,4.3058170230298245,2.043711923082136,3.3620838980742698
15.120000000000001,4.229043867012656,4.424790183592329,1.858349851211083,3.5022712736791624
15.13,3.8321352975739873,4.688278504602188,2.07065969244971,3.328863525938933
15.14,3.9505481007087075,4.576931839632781,2.169114829927453,3.519691744959939
15.15,4.319708490748958,4.474526242935794,2.234041279382236,3.6642248135208786
15.16,4.2269897394011595,4.590824448203863,2.3751842830751997,3.7122080862764806
15.17,4.607339113248457,4.512374335114744,2.6565072031792383,3.86456690839836
15.18,4.389829579390936,4.523628884069514,2.6222056023717517,3.8547758253110223
15.19,4.167803534898132,4.62340260158588,2.397281314901542,3.5129045079772476
15.200000000000001,4.310322490097079,4.409033105112963,2.7292840912438265,3.6237374998985965
15.21,4.098583017622358,4.527927761953924,2.787442973543669,3.8112891873964054
15.22,4.528512723242926,4.473319742518985,2.6192866160860158,4.119011940240329
15.23,4.551854697744849,4.276117799536779,2.949523690212839,4.237991951154972
15.24,4.523173448405227,4.379129484731447,2.851615660487243,4.03692118805621
15.25,4.7700320341331475,1.6671413986552026,2.7150848244337835,4.595048548765252
15.26,4.786225049210764,1.4838548792231232,3.0791056546821762,4.335567630120817
15.27,4.554771425796849,1.219287956715471,3.1051010721854273,4.1838031797415365
15.280000000000001,4.220470292208963,1.1857173056212373,3.097927310585644,4.056131112168095
15.290000000000001,4.644296579716167,1.4069017519392886,3.1927790595395695,4.421901472087274
15.3,4.605853387146037,1.6660542217045426,3.14751946234664,4.2028628541663675
15.31,4.531496512366406,1.395349312135532,3.4254122776961613,4.136953195289234
15.32,4.599990155537515,1.6266881796132835,3.384660643921659,4.1651311692392765
15.33,4.205892873147165,1.4787762844841241,3.482674243637204,4.084493357714778
15.34,4.6684336388332355,1.4972553734840197,3.5776012884863486,4.367882471640809
15.35,4.130121444493524,1.2174090366881587,3.398941653849918,3.9359665637324612
15.36,4.3446515160114885,1.5694671817224481,3.5050552615553845,4.440348322882333
15.370000000000001,3.882399115367644,1.3724015589238916,3.3579043345533583,3.8021003203504975
15.38,3.933108455262055,1.5579401045124004,3.8680908229856517,3.6438850033632186
15.39,4.253279922796203,1.2981817813406002,3.6468083746713833,4.041465593203705
15.4,3.884767759258193,1.4516923265366561,3.9272023550657016,3.584972917636697
15.41,3.9789742857269794,1.4787874635134448,4.029799092716285,3.7362470131937298
15.42,3.7936046387950513,1.400417418192595,4.131262236615158,3.5120507952020366
15.43,3.6474647957510684,1.4869247016982698,3.905252267981177,3.492194367906329
15.44,3.7920816982287455,1.3830155966862603,4.152553261505501,3.466846860334718
15.450000000000001,3.4368715491437976,1.3237524703985448,4.495728438091567,3.37842178087644
15.46,3.088830869553851,1.6729144930217947,4.567086748236342,3.06340741734543
15.47,3.147894496830146,1.586724383069806,4.514537724096401,3.042330163689271
15.48,3.266852638831843,1.3064371853068524,4.474388922381303,3.1267561642712596
15.49,3.140251047244298,1.5123078246556432,4.322908922709475,3.0672465284701294
15.5,2.720389507037471,1.3092536416238079,4.664201602641925,2.496192213295222
15.51,2.755205811976179,4.338208248274179,4.459039332292539,3.7863537599313086
15.52,2.676953039871826,4.681787339578967,4.510231675751415,3.8338179426962418
15.530000000000001,2.6114359458737635,4.257766236405756,4.254169645087616,3.4523537611936184
15.540000000000001,2.3482956595850064,4.665223402740677,4.263797507527598,3.329662753753526
15.55,2.3716790440901008,4.482541637757656,4.253686055461003,3.1879674626823515
15.56,2.259631316056306,4.488918536820194,4.202603028907941,3.016395047099178
15.57,2.40932701090851,4.585139186129846,4.178086691073298,3.3512506892731864
15.58,2.3246964567660093,4.611691345267824,3.941382167030321,2.9461922387769777
15.59,2.0822807009793562,4.3937047386098955,3.7543077340473427,2.5753332950759904
15.6,1.9581582477556803,4.632835306427773,4.167008095536902,2.787685712727507
15.610000000000001,1.9639244937820934,4.539238588084778,4.241650381536724,2.7390660452314863
15.620000000000001,1.7325191617992466,4.327155123915856,3.8492367206621174,2.1351702826523526
15.63,1.6069933822838964,4.4953723151048575,3.5002808794204494,1.9326816410498742
15.64,1.573145541520979,4.7356000954252995,3.5245146345735914,1.9908584399835607
15.65,1.5602392660496605,4.7813357721380365,3.666306266594502,1.8638303081293877
15.66,1.4173227592433317,4.632776896875404,3.735730302396884,1.763019673112175
15.67,1.5803331667374625,4.337331860698338,3.261008162107566,1.831888668374325
15.68,1.62611280475121,4.5976613389818715,3.3716625114161287,2.1531221453863827
15.69,1.2101677840662366,4.6534540243329525,3.358848718500697,1.6703009713960641
15.700000000000001,1.4369856488513908,4.634071540059957,3.402021405730331,1.5856946825970448
15.71,1.368858772943244,4.643247039737411,3.1435796922526404,1.6322223729839378
15.72,1.4376457371804938,4.577939548711695,2.8832040524110254,1.6307532830817275
15.73,1.364268955379953,4.5104663175432815,3.1700635799472177,1.7399713084950692
15.74,1.121185789318596,4.427462721956805,3.186712311464303,1.4695848600232493
15.75,1.1489786754816882,1.13033856700401,2.9283978950491254,1.3571987728643093
15.76,1.361552845060838,1.4768730813645066,2.9425128221596992,1.6545439504756643
15.77,1.5331099771791676,1.453086701686881,2.7368542212848195,1.9945715639970116
15.780000000000001,1.023420741114497,1.5106246213568508,2.612905791618326,1.6057644244304914
15.790000000000001,1.4605408391591945,1.2171266794341058,2.849494733163691,1.7762756579675614
15.8,1.625725710062435,1.5241666212126717,2.682534018562655,2.1732235252315353
15.81,1.4426009964999322,1.742460865008162,2.6347843282954093,1.9974879887896302
15.82,1.5970174648891486,1.4364222252926366,2.7330947605207463,2.1480221505324675
15.83,1.4401138685303458,1.4147224879313403,2.257898343267729,2.1139111457093773
15.84,1.5865508118525167,1.4721279432402048,2.274421349285606,2.390652315473691
15.85,1.4004129774954337,1.7390214920881073,2.3242332591185235,2.07159699087078
15.860000000000001,1.345566651753825,1.2657398714490011,2.1438831660195574,2.354691441889675
15.870000000000001,1.945673591457997,1.455743362619766,2.296142622019791,2.529664482253078
15.88,1.70522182367929,1.3004293474278152,2.0758913384123177,2.628867561777127
15.89,1.8674141255896752,1.3395577752047152,1.8822209302019228,3.1563561512167184
15.9,1.7969863615511887,1.4165925499010061,1.9880134326320746,2.7298785450147665
15.91,1.8773868690478355,1.6329331257893331,1.9405360311002038,2.993005658432372
15.92,2.1653793143963496,1.7031927762591184,1.9990876430481945,3.019388786528439
15.93,2.1660283329379704,1.4936765795125155,1.8477777278786038,3.1796068508264055
15.94,2.438985081292799,1.36594924164811,1.7944247109709277,3.5096052577671286
15.950000000000001,2.5468719209807578,1.8103241146868796,1.7075069176899151,3.3683920098785554
15.96,2.6233055702912176,1.3580570829221537,1.5615045832079653,3.824743636412242
15.97,2.709343148971599,1.3358205673411812,1.4123713409332117,3.926752004824541
15.98,3.0269612303069913,1.1493864620208432,1.5096068075103841,4.194099598229753
15.99,2.6995719477048814,1.640485896745454,1.345372720640381,4.031928231469048
16.0,2.965473151154511,4.671633439317045,1.6061876927813725,2.7404351557373543
16.01,3.2597326568181333,4.896127383933543,1.6146021288360104,2.6709534996178332
16.02,3.382471475874096,4.3064847932406245,1.5648892860360166,3.1644295130557785
16.03,3.0476447361169536,4.747508358861577,1.588292332080789,2.730801579658167
16.04,3.326825056085935,4.532542762809857,1.5776173755487437,2.9139609215370172
16.05,3.6953520928698174,4.6465219183203725,1.4533663207892245,3.211317753896678
16.06,3.653379042560824,4.266488922749431,1.685576551685315,3.2723703901597205
16.07,3.6961243849391683,4.749043281859348,1.8008936529816917,3.0428613798274564
16.080000000000002,3.7199169693412504,4.643489018969634,1.8857547070855245,3.37853759365093
16.09,3.7806342392088133,4.515654833148384,1.9886184356054,3.3051362458092557
16.1,3.9737684711563404,4.621589713476807,2.1255055498384863,3.3864528021048526
16.11,3.9666036313150537,4.403128274156545,1.9304931491725998,3.429627201700774
16.12,4.076983841516801,4.431942721889763,1.9962339052913094,3.6695106058803666
16.13,4.168622173437617,4.449906988334547,2.403448263808028,3.6892223941944406
16.14,4.113316870886961,4.234748120366726,2.35847107319801,3.615180418223933
16.15,4.371871727545653,4.655141738631168,2.2360540023118194,3.803792738401608
16.16,4.815194551626233,4.7062234393063935,2.3459051439453598,4.241570040489107
16.17,4.106674748457731,4.413063389337068,2.4109096737584403,3.806789002002589
16.18,4.493428438999687,4.575607190514583,2.4967721786025776,4.128304623174186
16.19,4.3581396465301765,4.480556483728572,2.6319421874490976,4.209927087226094
16.2,4.609425991919875,4.572520769746914,3.0276464654717192,4.470319936533551
16.21,4.551794112360437,4.424487700801139,2.715038228348913,4.246007886533528
16.22,4.689940346640629,4.384864429007245,2.855307812381792,4.44411263330292
16.23,4.772912917852974,4.684616116499632,2.5420826833897414,4.444497550333859
16.240000000000002,4.623157443130356,4.511789182452518,2.7994632919108864,4.39218902741362
16.25,4.778650308188225,4.834845691044421,3.139146834525648,4.944732965839685
16.26,4.212008230031483,1.4314446645691496,3.0706064214523185,4.176338387073734
16.27,4.840166959809568,1.280850534319739,2.364883798181629,5.0
16.28,4.627249334547859,1.6142894593872636,3.2428347051379007,4.370259213050115
16.29,4.7189440320417795,1.5219649021132242,3.5070556175853156,4.452232619969299
16.3,4.31812468318534,1.5368437206023047,2.9423283852158644,4.522930365352005
16.31,4.3467001350136005,1.6086614380450692,3.571534010256853,4.074746098443168
16.32,4.464566322532427,1.3231737907875043,2.9461775726001753,4.262670712446774
16.330000000000002,4.3919257125398925,1.4045648489813738,3.6066658282201485,4.247089112390741
16.34,4.3887358221289094,1.3977201153656773,3.518817095587279,4.4838795622407766
16.35,4.461401935912178,1.2243741742874934,3.206837790963037,4.366605846504834
16.36,3.9371127402041064,1.3834503063206591,3.7204669436387103,4.039355156267325
16.37,4.3137187123883685,1.6312382575014155,3.8979975299136878,4.171281387313169
16.38,4.085227272186167,1.461029271015982,3.8358124767544344,4.003773227598126
16.39,3.974479423217012,1.2158075498681629,3.9356004398910285,3.8311220582024172
16.4,3.6886170970036347,1.1833191317561418,3.839739594313185,3.4411530045562237
16.41,3.9243740507858065,1.6820971741308353,3.6710458727352733,4.05148524974249
16.42,3.363922612550548,1.410284879014871,4.145647087912943,3.1122690683505576
16.43,3.769567460388146,1.3240079364734112,4.37993657634809,3.5493046031000626
16.44,3.3291908054470887,1.3818394039684236,4.344553770746941,3.204103281198711
16.45,3.483893417822086,1.1954813618255553,3.9078462130902265,3.4422581826307583
16.46,3.3581365730449813,1.6446679523265546,4.048138268938068,3.0975779726619197
16.47,3.467640679591884,1.3634003511904003,4.219919609978303,3.4715879756148476
16.48,3.148559687854107,1.6360426582186467,4.164153904420576,3.072713859408603
16.490000000000002,2.9636419001491765,1.432271943534721,4.49153557675224,2.5957673866578332
16.5,2.892267221784621,4.743073051031038,4.611939559119751,4.04565054962161
16.51,3.0789143511830246,4.561435228869312,4.254585897359211,3.981608318229244
16.52,2.8581604774079485,4.6538213396261945,4.545040303210584,4.151919688918317
16.53,2.608168367800978,4.633047082010707,4.452470563017618,3.7560044909761463
16.54,2.53297950813222,4.618210189995073,4.2034969933569375,3.4703066022660365
16.55,2.2195181862320084,4.575565601806059,4.199581771580096,2.930480352628667
16.56,2.4406874312850544,4.485619160073179,3.8496831759868777,2.915671074822037
16.57,1.9990481698909643,4.8183250046400525,4.0453471932509455,2.6299775992692416
16.580000000000002,2.315405295675993,4.3812231423795405,4.035648214632488,2.937456858078488
16.59,2.126760409268308,4.522347972578595,3.9972981104611556,2.785649950073211
16.6,2.408574790727144,4.523986227852588,3.9667850344559983,3.007945475512712
16.61,1.7629366682951892,4.584007011210682,3.8808667491015876,2.4472208248025376
16.62,1.8482295631416181,4.455168240947936,3.734852966801844,2.2237481273834527
16.63,2.08433583755114,4.5704257360228615,3.7590452058612542,2.5176980618201172
16.64,1.9186351756885205,4.495532125630835,3.809801645834654,2.384984515066983
16.65,1.5502877876989516,4.2766832092869205,3.56914180319474,1.9293603511365274
16.66,1.642198027880668,4.5231602127383574,3.5712459016433593,1.9995638833348401
16.67,1.5543907481773802,4.3512358405056855,3.426006632663224,1.792299286446971
16.68,1.5535402844146375,4.253075809944194,3.287706279238928,1.8491780018038995
16.69,1.354161779600187,4.542878473701451,3.4113906742962112,1.826700064012719
16.7,1.4184358359188762,4.597239540057039,3.173852429356348,1.6870682983587637
16.71,1.1454948351762368,4.603250788621674,3.2608534897226207,1.5497031274499693
16.72,1.4041949978469217,4.609518806881383,3.139056899264191,1.785165257443003
16.73,1.4393050193715442,4.2223799897908805,3.021390652910142,1.6575722652547726
16.740000000000002,1.3199239567136631,4.310899594896826,2.95321848711845,1.532850862927464
16.75,1.0918195911414719,4.8273209227635565,2.860013378322228,1.2531337645960827
16.76,1.5170042828392047,1.2620909699409182,2.6129012312479416,1.9285635849638458
16.77,1.4254479610730508,1.5188738229759147,2.8746400745083864,1.7060634383701643
16.78,1.2646224100232757,1.3178863093074589,2.7860359183531473,1.675957107464785
16.79,1.3590262989313393,1.4366115711722245,2.821089337866357,1.7343909029936233
16.8,1.189685616384269,1.3262002825459378,2.534854162800647,1.825488961788394
16.81,1.3012057150677054,1.5112387308252426,2.8605765862399197,1.9112792699493402
16.82,1.4206731267505168,1.4454548850735238,2.430672793381297,2.0778864994654933
16.830000000000002,1.7531680720391432,1.3548457996740257,2.2867821983354286,2.327507162098512
16.84,1.5022474278119944,1.2616320332204214,2.203444809993445,2.2842319293443962
16.85,1.7668945056294398,1.465742921363878,2.0202034985562323,2.5854389922266963
16.86,1.6382859556665348,1.236458362140644,2.480871072744679,2.304382973898333
16.87,1.8330580548239563,1.490476786070594,2.3906257648432447,2.6136670885929876
16.88,1.841951685527588,1.831037419275915,2.202549699141107,2.6746647346595607
16.89,2.08274993797097,1.633374012370334,1.8977199163751477,2.989376934080726
16.9,1.9350179602339428,1.5355234539390585,2.2685225212877267,2.822288098786067
16.91,1.8510395210193202,1.411014583869594,1.8566389644278263,2.8865226555078545
16.92,1.969569679618465,1.1240172046243448,1.8056463500543678,3.0583628067223403
16.93,2.198071328553132,1.2194895833558486,2.0155722328737022,3.233355959847229
16.94,2.175277315706764,1.6229392784472743,1.826206309656111,3.295196790798274
16.95,2.540011694313587,1.3019627723620344,2.009761809811418,3.4560636509493805
16.96,2.4958112389900933,1.3159791612678782,1.6317235822976892,3.60212120112237
16.97,3.0555451063136467,1.3986182639839813,1.463666344286271,4.187809283682956
16.98,2.489590659076619,1.2597930804045907,1.364869373471607,3.828162407975981
16.990000000000002,2.9056113067581864,1.2342824428503494,1.1020867501325662,4.432103883427159
17.0,2.791559300623213,4.513863905828378,1.289853970121873,2.656804936282617
17.01,2.996177214458889,4.3836093129526015,1.5828486915560287,2.8603731081913875
17.02,3.2004371077564855,4.406918994044604,1.559424535489962,2.7583897940791715
17.03,2.9011887811573924,4.400697470754736,1.5307345746021237,2.801730787184118
17.04,3.415835925864537,4.602578987373559,1.4318623351770534,2.9765930020568225
17.05,3.7836505937423097,4.485731445089149,1.6924941163051808,3.1752000444212025
17.06,3.4975371373057897,4.494025332132308,1.8830801389296494,3.2858426266617995
17.07,3.7065857541414147,4.614130102846458,1.853816738913405,3.093887214793641
17.080000000000002,3.9213175327060803,4.499683113696856,1.87567511023301,3.2841146837586375
17.09,3.8162669189256544,4.4785875706851215,1.7850871286734074,3.1797751386408275
17.1,3.8328926533310046,4.59453968627634,2.116803660102372,3.284846767403703
17.11,3.6386588313877706,4.625164921064226,1.538414189321552,3.2573754617157467
17.12,4.187776166224327,4.498903512884814,2.1675322731243805,3.7188749079859242
17.13,4.137540725938587,4.534164605597541,2.583351391787338,3.6010337698058636
17.14,4.059083196355198,4.4006046718489005,1.992168437813088,3.427691397260289
17.150000000000002,4.306143345818348,4.388386509388296,2.260063495848555,3.6532240419802373
17.16,4.2482539063187845,4.640799036177403,2.361863130995794,3.672182485652009
17.17,4.309040350685795,4.590589206445237,2.353077122061783,3.8539845679450813
17.18,4.539179914373685,4.592193102635566,2.6582480943258453,4.100072436917383
17.19,4.264426737289182,4.5651768747253225,2.6319048914854895,3.6383887670990513
17.2,4.685589035389471,4.528836366563869,2.6447370438447053,3.9782677628077012
17.21,4.3177123587477215,4.629534442167149,2.812668792316702,3.957046047565403
17.22,4.459049518472591,4.666501524618644,2.7515172127336873,4.050179944584165
17.23,4.894057281575471,4.662803102142008,3.32412568361315,4.448225709180079
17.240000000000002,4.774690675714379,4.506073328950126,2.9017110454680095,4.318493203258615
17.25,4.610987827274569,1.6390767557556225,2.9730534307011536,4.3827355555132055
17.26,4.439529675517596,1.4596544210104911,2.731072583861933,4.237474005774307
17.27,4.496603837838376,1.522208982282734,2.982899406482344,4.311494694995298
17.28,4.578335986196329,1.467959688938289,3.3189049070554932,4.357924557391659
17.29,4.550329850431407,1.4625266516456974,2.984183994315517,4.155105624869526
17.3,4.501112802581284,1.310326407969968,2.916350566591797,4.230271015568725
17.31,4.4763532884319766,1.53289111404022,3.332554793280717,4.030303037658225
17.32,4.4061670391325185,1.8649245343376886,3.611928187938442,3.9641878093995433
17.330000000000002,4.160972538380415,1.3662279539101188,3.4627360177352338,3.8142840414389108
17.34,4.259140699093145,1.435267602050898,3.466190227681929,4.034682684998314
17.35,4.4338661329265445,1.3551686284860982,3.2858213725689422,3.957720005293991
17.36,4.001439681085288,1.3486927784244742,3.721449859932895,3.803929370278019
17.37,4.125159970854108,1.6634621471046587,3.819322281973503,3.864846895219176
17.38,3.9510199429707487,1.3200493230031345,3.4910017357560843,3.733023803575242
17.39,4.025555791029188,1.3508515834016852,4.023940484886403,3.744867421747347
17.400000000000002,3.864064847577381,1.17841695481202,4.0289485320843,3.4422383382607107
17.41,4.082295041172588,1.3069409819304043,4.152147894119957,3.807801773963217
17.42,3.8373056727282204,1.1596920272788065,4.128236532660692,3.3519223909068088
17.43,3.4518604052602186,1.5221204748719948,4.20379298434066,3.3120362377788592
17.44,3.679822075543494,1.8578628813925384,4.24670722705963,3.3898093929549256
17.45,3.3496741060720936,1.3674849257080075,4.366874256594376,3.1548296070850377
17.46,3.283932284157661,1.1661411347434676,3.999306054819613,3.186967294072421
17.47,3.3289464670387425,1.5636559394299299,4.114643417544329,3.2870713521764547
17.48,3.0978139679210335,1.3116934539406209,4.301872458852306,2.8370406705560205
17.490000000000002,3.2208605698228574,1.6255030147653042,4.463571369484359,3.0515207651427696
17.5,2.8488450287769567,1.380594666661477,4.611091218970174,2.684219899737019
17.51,2.7722882986934945,4.423831290636187,4.536611864696039,3.7377602060998925
17.52,2.6648539065913326,4.494120486394371,4.599676198609707,3.5086827536588094
17.53,2.5789927032923683,4.639038044837796,4.5404388250160554,3.6100408964537696
17.54,2.7494585505941638,4.486460119625983,4.151392414025851,3.494267395817851
17.55,2.5754396441407668,4.444752887238679,4.265647091607055,3.328814272754832
17.56,2.654870100579787,4.490887714114956,4.026774670283548,3.355706024109142
17.57,2.6518153726814444,4.324708110765796,4.068491072891283,3.305741482187162
17.580000000000002,2.0264970568815297,4.583169293763138,4.086174741753769,2.7538708781541104
17.59,2.117327004289854,4.24496976386083,3.4223841899779224,2.410158343659252
17.6,1.8310621919489025,4.452899573955735,4.293395607439976,2.778186875478056
17.61,1.8152119898096977,4.639287145824698,3.932640429916814,2.5629122625595024
17.62,1.762745719899763,4.5686140584432025,3.681601986596638,2.412936768372428
17.63,1.621528186235836,4.613104036143982,4.022789407708677,2.5722967095883575
17.64,1.5550468029050513,4.511607196153534,3.5929368229595826,2.530704117597905
17.650000000000002,1.6397437453482158,4.702839918342452,3.6057852383139166,2.311574846153895
17.66,1.4086929177287637,4.664889391121871,3.4419252589095297,2.191206989277381
17.67,1.6905578999937094,4.590774887039852,3.721407709507649,2.3967877129541737
17.68,1.3590924265760607,4.665330242221332,3.3747718407745784,2.0870161789545905
17.69,1.9227757948275268,4.637899250718099,3.3513843210336653,2.5514496559619237
17.7,1.3597528095936127,4.453620951196859,3.456532972010801,2.3017671130329536
17.71,1.4161783323475756,4.31355066910797,3.2928324919435243,2.1592510794491
17.72,1.172346532599055,4.586782501539748,3.1257821540638013,1.9127153750785646
17.73,1.6428879293116148,4.60625390999439,3.2486791699739532,2.4759186534378927
17.740000000000002,1.5382315950467857,4.690562691959499,3.4138982372373845,2.385933011505249
17.75,1.4017095024035928,1.2792641603500452,2.9926800079716447,2.0012469383918736
17.76,1.1384953107021865,1.2838932703583479,2.8961527832004266,2.2351192341501656
17.77,1.4005107641525782,1.4954975646527664,2.8405276467221117,2.135311257484415
17.78,1.200533736718773,1.413250960445637,2.9594172351714683,2.0463089574298525
17.79,1.641523045908812,1.1322239451316818,2.5882497110398224,2.4588215201987778
17.8,1.5640663881582961,1.4823657768597076,2.5755347980098033,2.4749128600406416
17.81,1.4828719739687368,1.1373871226269665,2.3089058574385257,2.5478024140441184
17.82,1.112955472035603,1.2778803503530647,2.3014451642412848,2.3514328861034173
17.830000000000002,1.3946754869500102,1.6336080713677592,2.344203470556753,2.41960776164057
17.84,1.7173693082838193,1.7068923852423064,2.354145135339194,2.577633680790267
17.85,1.8597123668555202,1.2360034195550471,2.583152334308613,2.9013597818734156
17.86,1.9053090572820457,1.373259618415871,2.32070731465678,2.8432973738118217
17.87,1.5348388456004178,1.4308735889542272,2.0237139107868902,2.8645408984101524
17.88,1.9137442815016397,1.7001319680772395,1.9890174886386778,2.9166461187364376
17.89,2.105839506725396,1.3479418046356453,2.2626537533831454,2.9448836216606864
17.900000000000002,1.7529181297546792,1.3504173965118156,2.1584949968473497,2.781818160017979
17.91,2.1046323763406445,1.664124385426093,1.9176856392611992,2.9333733502287527
17.92,2.2379389157317506,1.366228871063818,1.777764014813011,3.2600575197094788
17.93,2.235529908032724,1.5361202969482717,1.965379995278747,3.1281387810993784
17.94,2.077527086299148,1.195506882797488,1.5606842500690314,3.4277206558535482
17.95,2.4207360206041715,1.39775373577989,1.7190356529182673,3.2485992167509212
17.96,2.518253158696681,1.1672501764190415,1.9569793524156065,3.2897690561470654
17.97,2.646671493450338,1.2608171575749152,1.5604725715247638,3.486457989429298
17.98,2.6799109716592753,1.5542400802689427,1.3385452353937994,3.7333961733025847
17.990000000000002,2.800803593261104,1.4165437528355054,1.4648554777045808,3.5542987397928862
18.0,2.967941386792929,4.472260808966351,1.2590930454895397,2.9967547797182306
18.01,3.1478599328650394,4.40572168404966,1.1748666643454093,3.1216815474998834
18.02,3.1281747372138744,4.487507749430145,1.57584883487558,2.9854110642081686
18.03,3.21168741061085,4.568314366258485,1.7071120211443618,2.886496786823136
18.04,3.392420016915539,4.673905483354497,1.5417886862925034,2.914591518689729
18.05,3.16388862171765,4.1151232996849,1.595411122099577,3.160786255616867
18.06,3.6483474615868383,4.392865651119167,1.5657885043758633,3.0393498008141493
18.07,3.664385056179299,4.54632014669323,1.760502881907449,3.2015236234593303
18.080000000000002,3.761632607594022,4.5063698748110586,1.758504877636259,3.227116824567444
18.09,3.9985553414820365,4.584151890805204,1.7506843043129177,3.2910699649268116
18.1,3.610543531658296,4.563114920375238,2.281523701152699,3.246753089528515
18.11,3.687590931736574,4.4744658349193,2.1166929351155668,3.1323357554039837
18.12,4.1282628367436445,4.440086875107522,2.197993717333193,3.302327578133181
18.13,4.154729469754213,4.483659929560057,2.3122553441888183,3.468759185087001
18.14,4.2508002460881205,4.699587046372489,2.3584798520946,3.3657864743180235
18.150000000000002,4.210723506246978,4.408314476631465,2.2324640224437857,3.2531190562510566
18.16,4.450534177585521,4.511953943194955,2.4069348998359956,3.628207342284791
18.17,4.545848492089524,4.550075130318462,2.3841818552952363,3.5201327413332755
18.18,4.519356200276133,4.76333303643832,2.5621611586471467,3.6797731348918066
18.19,4.439075745632609,4.47517198278316,2.6108911485062443,3.7612888782957654
18.2,4.174228619434672,4.670171627361177,2.5587664548561504,3.497766733981638
18.21,4.668925253706931,4.712478003070171,2.470919186082029,3.7797952658648164
18.22,4.7644763074747285,4.511807196999483,2.772326253435274,3.803022937670388
18.23,4.686857300716771,4.489046711290015,2.7802800751395504,3.9346550248137055
18.240000000000002,4.449398315309571,4.4707201687246165,2.5735975552251005,3.573702116376948
18.25,4.70437626681314,4.48206141223049,3.023254254042091,3.8457734167768836
18.26,4.731443902872687,1.5565690997886015,3.161087357408664,3.836638144270553
18.27,4.8350394162969135,1.4600492314565607,3.4765526280042938,3.8064444496949394
18.28,4.424460451662313,1.4607120352981684,3.071648928565159,3.820726304063607
18.29,4.507544555255695,1.2500087934781106,3.112224505476032,3.664133702191162
18.3,4.636958288595988,1.2744370351150982,3.0847907769553697,4.024444734185425
18.31,4.490655570014621,1.7562291125181155,3.360891247498421,3.958138220299894
18.32,4.259817283797986,1.3967326780706586,3.4241568020812108,3.701945291872958
18.330000000000002,4.4618878460328535,1.3042833636979134,3.325546179165414,3.766444526047648
18.34,4.436645286136005,1.6459075375881405,3.492094947035543,3.814102693636487
18.35,4.299881610824892,1.467916427104434,3.2665082689255933,3.5571081687928126
18.36,4.258808249199596,1.513811711016484,3.797643506323996,3.501876231883764
18.37,4.113952135707745,1.4028932139561587,3.5892007500687066,3.6785588276740353
18.38,4.323483112760014,1.3749195886852854,3.77176476025521,3.6501760677691424
18.39,3.8615248037155263,1.3980087100258802,3.6123399243517045,3.428502556964699
18.400000000000002,3.8318617369864647,1.210127392194088,3.8123109515709728,3.3684569317154596
18.41,3.8446208822284857,1.4106552672197648,3.925248049412264,3.2247906273956652
18.42,3.897659220333363,1.4701193856612118,4.032646925866994,3.4247827546102356
18.43,3.421783380212431,1.7108546233013593,4.175838402942125,3.185538695600236
18.44,3.3586582640746845,1.4375913318409037,4.394290890669678,3.2424240658387857
18.45,3.1449557399579646,1.062777662823755,4.345056790107096,3.0802404764249807
18.46,3.3827505683451293,1.4097170586499195,4.446212825496596,3.2309141531682273
18.47,3.096828917858741,1.8485407529867879,4.588265904623536,3.1647894889680144
18.48,3.1151884147295807,1.5584471163801483,4.51170687991915,2.944349638356721
18.490000000000002,3.1833428772744736,1.2986899170724737,4.478535045115509,3.117341833457772
18.5,2.8703962598199384,4.613225755218657,4.710884702260053,3.7188540005067794
18.51,2.9100926073735236,4.40676492197316,4.65687149376852,3.722963412191452
18.52,2.7227215026836813,4.31201611893449,4.524379709541467,3.617785115121867
18.53,2.7796066442650575,4.4677287396871215,4.1221052233105056,3.197565011972578
18.54,2.6483108827097395,4.535855583522393,4.1563621939439805,3.262018752452978
18.55,2.361376875051134,4.231739353655259,4.183136538208811,3.014936201129451
18.56,2.3503889407371865,4.343710074322177,4.288313645532973,3.1470395413156544
18.57,2.4534465935305305,4.5232815191579325,4.09531275592021,3.1619010708123287
18.580000000000002,2.2573129590746093,4.458466898611572,4.217161337991612,3.0917962178668033
18.59,1.879495136900317,4.582825430165157,4.181544074228116,3.010618454333774
18.6,2.127961722857692,4.333564662857155,4.098609912409339,2.883214579469306
18.61,1.7654529356678959,4.6322759361537305,4.035351809674747,2.707734104109673
18.62,2.093807836617975,4.33835158805708,3.610684590171771,2.7398835431379798
18.63,1.9588559796821212,4.776091783149743,3.790614090230107,2.8134248962026978
18.64,1.7725201640933497,4.255960655133499,3.5511379209052167,2.525279696855848
18.650000000000002,1.6886133946780748,4.3524765170723185,3.319476370195117,2.54961608334023
18.66,1.5720178152901467,4.586319234145865,3.474009060059574,2.541214564498455
18.67,1.664041266663219,4.779421334309503,3.668816374141553,2.6637796978705435
18.68,1.4477457189173824,4.5704716908015435,3.4656866782036357,2.6060966494370734
18.69,1.5055842574765972,4.608850883810264,3.6516326270338118,2.6433821111613858
18.7,1.5742351736271,4.5243967934115235,3.291561429765768,2.7044738838035203
18.71,1.3134486591356287,4.362722095544228,3.5921708930415788,2.519540404551533
18.72,1.2824223223302924,4.445772918677132,3.1630445958971682,2.3903583151610954
18.73,1.1727843404048206,4.333991889508404,3.073847012692166,2.3083593359117254
18.740000000000002,1.1842550797843994,4.323646507660828,2.800348758497142,2.281563656838295
18.75,1.0572409127956828,4.583899866590905,3.120143162077883,2.418378579138667
18.76,1.4750739134331647,1.2503255852858925,2.7966951347629623,2.4466146848344446
18.77,1.6595533567867027,1.4737620817138049,2.7091236271563046,2.6856298421873053
18.78,1.6133103827955,1.2226587962680622,2.9547248341593555,2.510058097996861
18.79,1.1409514146031368,1.470173581489017,2.870675104202224,2.5247702874828444
18.8,1.5503966244730627,1.348590150851556,2.8021874519918977,2.530999827281673
18.81,1.6978970589922693,1.6421157474409558,2.4977741300574774,2.817808411551895
18.82,1.4338017577034305,1.47440709976369,2.4835060229070334,2.674361313935813
18.830000000000002,1.5705092056335102,1.6156588261278944,2.4177973967783624,2.8256424280925483
18.84,1.280460020801433,1.307245303545598,2.488888667312004,2.4896566643963887
18.85,1.7063615983661617,1.4329675634690517,2.5485175130772344,2.612370935392236
18.86,1.5531549412924646,1.27233124962896,2.293733664546288,2.754322877372953
18.87,1.8252275998456005,1.3602174072384257,2.487662958660642,2.7220341720566283
18.88,1.61183053263521,1.3836804325102905,2.250190432829843,2.7207348153912445
18.89,2.029231672178743,1.3118586601310112,2.0039921106893512,3.1180797097800874
18.900000000000002,2.1877518413834527,1.236027193653998,2.1106212918562157,3.086878570079339
18.91,1.9789764218848183,1.2053606120562836,2.187314126236182,2.9744092180555652
18.92,2.009283353709959,1.0619148683801674,2.1700140770548044,2.9931034207398595
18.93,1.9348312293440078,1.2606758100534057,1.975337007383609,3.018258037983246
18.94,2.3345437962759807,1.5214528591098027,1.7244424045468665,3.413600867226544
18.95,2.3792606477784624,1.1767124962443134,1.6212110138046976,3.305340099734257
18.96,2.319914659831241,1.2123908734395104,1.6843297621690136,3.199031236653172
18.97,2.744095826481452,1.701629819506968,1.796486245184798,3.408196859793201
18.98,2.698307122172255,1.3256982162788469,1.5328978366609403,3.4663251369737424
18.990000000000002,2.6982522686896857,1.4739931487454991,1.471952698379071,3.669435819529412
19.0,2.8844923329249212,1.5237485419067982,1.3428854358305533,3.536401576974445
19.01,3.249783383719078,4.624286540419201,1.3462138003817763,3.1019949760951038
19.02,3.275239458323456,4.285919415294387,1.4371334331633134,3.2026571590180657
19.03,3.2570084418934053,4.485896538588526,1.549234553502661,3.0093047570563316
19.04,3.477795358065215,4.271065323514295,1.867859218294283,3.0882906259483556
19.05,3.2870694046864615,4.900543099090267,1.6175115115902823,3.0503526051679137
19.06,3.5762765404856482,4.274681858209979,1.7287714020588996,3.2177227698523954
19.07,3.688354197780467,4.359401400618795,1.645528112852209,3.060537257127406
19.080000000000002,3.6790484222642155,4.360522563903034,1.9640458634830655,3.1041572151670263
19.09,3.913419068440192,4.289892422708641,2.132793335797667,3.094311692953355
19.1,3.8005621996926737,4.731157621292991,2.23850776549227,3.281705535351665
19.11,4.09013950749601,4.896846348905154,2.074407030631058,3.257366742168921
19.12,4.173329737566219,4.448001384478562,2.198308565640976,3.344963857993025
19.13,3.683072224866025,4.317186370464176,2.1456128151466554,3.1067967518400867
19.14,4.416141829114675,4.175247274318474,2.3194258367312433,3.44632676671172
19.150000000000002,3.791667023086056,4.483875628610651,2.3493082744078615,3.2795634978057313
19.16,4.243007620614705,4.472685203047728,2.3724978129036796,3.4015146863511205
19.17,4.560874717249914,4.42081434730375,2.449553908982913,3.6142421885613407
19.18,4.38948721391014,4.555965322860839,2.5643240258490114,3.5988044250506266
19.19,4.2437124455334185,4.582881473379416,2.508708256196342,3.7133259254160973
19.2,4.3385691313373975,4.571716883261599,2.5812913570893947,3.5645794055744666
19.21,4.710688108568725,4.4727224573099065,2.9589242761360097,3.884943432226076
19.22,4.255023802270555,4.3510722204514165,3.1844224012837117,3.6049217979072297
19.23,4.765373729996204,4.624798691917284,2.619559898037312,3.6305637628860756
19.240000000000002,4.583039095236213,4.523618857305273,2.6749862012324073,3.682280262026157
19.25,4.401905857963953,1.5618529164830324,2.7878519351201025,3.6029603803318855
19.26,4.497459211349595,1.5466319465403846,2.9893536071032463,3.8103157379760884
19.27,4.417516996110823,1.2040837449464077,3.2141902999329064,3.6896166866725157
19.28,4.706856614725788,1.202154038186568,3.2295331506280176,3.6093223882610257
19.29,4.66295938049947,1.3072617194506135,3.2264441197403353,3.936500405790398
19.3,4.2372009411870835,1.260688363107544,3.348082075669941,3.548922784449748
19.31,4.415936735656391,1.5412387744178302,3.2161401812176793,3.6046180143565922
19.32,4.301008388547833,1.4786800952722634,3.3524117254873937,3.7877478522130774
19.330000000000002,4.604338170524695,1.5945036984313932,3.4526958782989197,3.791869370417642
19.34,4.124033419467297,1.4856766977434543,3.2656162508782467,3.739630564674597
19.35,4.545636720308058,1.4565862678280592,3.3978609818296563,3.7895905419687526
19.36,4.217821732562383,1.6100752657450215,3.4685298510044427,3.6224767632998742
19.37,3.9675576445316567,1.4970194875558138,3.8358480277850555,3.5408856520420042
19.38,3.97411293619324,1.4348194454905863,3.8167638403364528,3.573833732976547
19.39,3.8775825250496574,1.653550991474853,3.939816291904721,3.540391022969239
19.400000000000002,3.720465132847164,1.4421107320183841,3.6102569417751145,3.401815423204382
19.41,3.8582098147667105,1.3771392666334832,3.7317637457174615,3.5155902493261797
19.42,3.556179629841975,1.2945185886365311,4.141043131432177,3.3419021660906334
19.43,3.311084461999164,1.533150463236804,3.6521984654973023,3.2327549202027277
19.44,3.5094923902146107,1.6158551474263532,4.359828494356576,3.301445428811019
19.45,3.183023640082777,1.4164381296126338,3.934291536880002,2.9597547629121994
19.46,3.2555417747441853,1.6268300518091194,4.42711797110748,3.207746652488067
19.47,3.1307363467388605,1.1191755831103403,4.213070884483244,2.9896375126339114
19.48,3.0363100184980727,1.4156845343150055,4.5887158138232005,2.934964449365258
19.490000000000002,3.4004616357237776,1.418063105750031,5.0,3.3534569146013045
19.5,2.9835200843205216,1.3116827038468621,4.183405955134862,2.802388605182708
19.51,2.9123761380225384,4.890870385547833,4.596184304271011,3.97679317507309
19.52,2.483320838399684,4.5114295659913015,4.129572339855803,3.218965987187646
19.53,2.5646771636757837,4.458535413960542,4.424454137939551,3.4092709384737065
19.54,2.6061986015914558,4.525701609421716,4.258359419304244,3.294090568652423
19.55,2.3074701313324093,4.211504258898682,4.2481634387676985,2.946002438599547
19.56,2.5249019069893786,4.403999788145039,4.016512927110059,3.146394553178792
19.57,2.08934555304004,4.673955624660921,4.224179702061357,3.069356931649375
19.580000000000002,2.1471408033087833,4.424275820466417,3.8017037724517015,2.8723131746421915
19.59,2.01092679276886,4.393312608901237,4.169716323855962,2.864191568113468
19.6,2.048332666890902,4.724487620104238,3.8401294322456576,2.6267298168643327
19.61,1.8374356085853232,4.729246596489807,3.616197273661331,2.4720914276900823
19.62,1.8209627419674264,4.601747373272315,4.033647740600646,2.907741598546216
19.63,1.7545991695273337,4.451196637548721,3.7022301181618653,2.4854182650105656
19.64,1.606506848485704,4.48459386390083,3.9553362935112495,2.646664209306164
19.650000000000002,1.7417528247235177,4.397141810983191,3.7807662187887803,2.501318514337461
19.66,1.6445353623523924,4.367619924194939,3.391941350667291,2.397621094811207
19.67,1.5397042229818627,4.35993163517884,3.442266918228235,2.3281166297498554
19.68,1.4380728097956514,4.425962506084913,3.41109470041161,2.191595476142381
19.69,1.5965064618487488,4.361433180883075,3.5726453662401205,2.505824656864422
19.7,1.394688999865124,4.279509191457958,3.333390817085673,2.1774125023609843
19.71,1.354796545621003,4.555659827931105,3.227128959509331,2.2532464430724577
19.72,1.399262375257678,4.55801276032734,3.102394581449574,2.159023678507449
19.73,1.6413473549896835,4.785083320182883,3.0621095836950722,2.3893090244376607
19.740000000000002,1.1395401280107211,4.418175008277464,3.2156063597595383,2.1395785708410098
19.75,1.4783633723367053,1.470129841362342,2.94226618243097,2.1807099987043292
19.76,1.0499403607645565,1.4727025470313229,2.813911065138739,2.1360743295615383
19.77,1.4015815043561077,1.384960693794888,2.7223882539425723,2.2037757968120593
19.78,1.6375823622072914,1.5395478702719907,2.65983273784305,2.485641983367044
19.79,1.483708745340515,1.5443326842556528,2.459220335631934,2.398136518778162
19.8,1.4605675736374542,1.4749789122370132,2.499672986597215,2.2961010902668786
19.81,1.3765661346445346,1.384681595024519,2.7967827837430748,2.2875750601462537
19.82,1.5128732257108741,1.3689017863312016,2.4584966406918056,2.489470535573575
19.830000000000002,1.5132125721376186,1.2124480124837882,2.5406184040749746,2.403971000810613
19.84,1.4785071760721389,1.2994598034699703,1.9647870994979213,2.7922410686115944
19.85,1.6161464441748372,1.3279420602505694,2.3901828500545896,2.630516429134551
19.86,1.75768922418394,1.2502026521979681,2.208640742991056,2.7204103473991355
19.87,1.668521053825848,1.4924038269153865,2.092919459909562,2.7524977387018286
19.88,1.7341874887746567,1.609594871457483,2.1350883214089986,2.729492458502087
19.89,1.720778608499883,1.2836406189428877,1.9620440765763685,2.953032333340717
19.900000000000002,2.085028089911619,1.468169312995106,1.6361273391545152,3.2406609354979548
19.91,2.194299053762005,1.2641194038214534,2.061371229439847,3.068443034437927
19.92,2.231102101269983,1.377049199264606,1.88793403497545,3.46241295516673
19.93,2.4407115653657314,1.3173609954526504,1.7341462399790162,3.302658642143405
19.94,2.391965380642602,1.5174884479046844,1.5650460525791638,3.4136598235324573
19.95,2.5370616793564125,1.3191484176433548,1.41982185920298,3.663849479589781
19.96,2.6205482443451116,1.5809488855907097,1.6277333609917006,3.6993193180524155
19.97,2.6558342133080446,1.3862177440073475,1.7867582328107932,3.3918785779799485
19.98,2.6852027900178914,1.323668227623395,1.4958389504261844,3.7629592037069783
19.990000000000002,3.231474550069847,1.2301727198778707,1.1766913415986942,4.238771262997031
