time,sine,square,triangle,target
0.0,3.1151800453492156,4.402571159463989,1.219599494075021,2.6936613633017004
0.01,3.1140399637483056,4.483482186879738,1.4209256511457937,2.7019452563458364
0.02,3.3415289291383603,4.38469502576225,1.4943173044412277,2.7919833488775794
0.03,3.582628444037318,4.458561636053679,1.6339403073552905,2.898273522328097
0.04,3.398220586796139,4.216793045726693,1.398762952456609,2.9399279956099598
0.05,3.4954596357312258,4.53803875553667,1.7842355698538799,2.978848842985419
0.06,3.883009582868171,4.505701120229489,1.310943123504349,3.0418674836627013
0.07,3.845094642323179,4.380933724429677,1.7152172424222618,2.9708242392234805
0.08,3.7359478261709005,4.606034191891361,1.8037032259069514,3.134155092568016
0.09,3.986225606534008,4.648471035730065,2.0522956727716184,3.056085588776774
0.1,3.907827812119142,4.260408553273516,2.0178730882826876,3.237450570320909
0.11,3.987463830473492,4.389222720096413,1.8498912752064856,3.19622695372648
0.12,4.177484958690394,4.388244216594649,1.9839523928536562,3.3504451094073224
0.13,3.9016982562104516,4.362207887993738,2.2426859672390345,3.3533702235541827
0.14,3.9990212931568507,4.631989469461814,2.2626590690369532,3.348908701604098
0.15,4.248477397150983,4.475964151084727,2.246312232945091,3.382572130923161
0.16,4.232772750754944,4.465186063770152,2.32772072105308,3.6340800970382285
0.17,4.498217809852837,4.199983297256017,2.5853643597346787,3.7167580425681646
0.18,4.347179421192374,4.602401130934667,2.452399387586975,3.59268469110445
0.19,4.306112633213459,4.316564420533939,2.5879360159053415,3.743613325236178
0.2,4.8042861662518455,4.514655399775849,3.0221929509131367,4.102094054821624
0.21,4.5599087759989345,4.547809689644261,2.5004334420541463,3.824753014470379
0.22,4.629272683300433,4.7129804153153,2.49583276923116,4.1207254416417936
0.23,4.404584752935069,4.305958123787285,2.9917484074907605,3.866382557995677
0.24,4.556012887417056,4.045124575283625,2.8182054812935253,3.9639780762532553
0.25,4.664816827709554,1.4840981639454207,2.942437203916593,4.2829243245456805
0.26,4.458238172377579,1.730594699509561,2.932157797962353,4.070583683718853
0.27,4.694784167854759,1.6449714734799095,3.0826849410021904,3.9485716779054725
0.28,4.521576245943639,1.488033460931579,3.451642344702948,3.8217381511337054
0.29,4.549284073537192,1.3811051265791798,3.386878673289346,3.9286229274968147
0.3,4.4710658120297175,1.579130200647902,3.462046986138127,3.8148000673056126
0.31,4.832304279945496,1.3076270738922886,3.15515396709973,4.280217076373903
0.32,4.491360995776451,1.5286976412566835,3.2638107304637547,4.124632958000428
0.33,4.277082913520914,1.533136481807544,3.053395202531172,3.9907320172507226
0.34,4.5286022231503384,1.6177190703929396,3.4503485841149875,4.036098589454204
0.35000000000000003,4.142330042987497,1.8768385795299372,3.804233893625111,3.8395260510939924
0.36,4.310711938190947,1.515898819935447,3.797738623060784,3.9117213021591315
0.37,3.8942210454088606,1.3784631674631327,3.7424425481490182,3.3361898292357655
0.38,3.9244054038655407,1.452166772720513,3.8403393378799784,3.5498724558043926
0.39,4.094261532609475,1.1863306245872114,3.796785806938291,3.73039288243501
0.4,4.101549852737083,1.350141465185871,4.008135762041903,3.8211212476451912
0.41000000000000003,3.9263961975810737,1.393661813144009,4.1651592358031735,3.6627537018857943
0.42,3.792978204514092,1.3761570547488768,3.8413871467913716,3.665870989997712
0.43,3.672865544395022,1.4792960906248882,4.219689018569715,3.298906782620126
0.44,3.39015795009099,1.3306696824881126,4.388421261038336,2.988607936083808
0.45,3.417172397914944,1.6269925672376224,4.233617120394124,3.099992297829819
0.46,3.3617152308964515,1.456097725243443,4.481262026679525,3.0180881538510693
0.47000000000000003,3.5075325476172377,1.4546481097691897,4.891980783195256,3.288511249624553
0.48,3.29251829611023,1.4060712072656796,4.48043805726223,2.8029985967736164
0.49,2.8521554369748525,1.4797284741085712,4.627092153513225,2.3840210945227414
0.5,3.0873551771825847,4.631322161530022,4.5076050874922995,4.15110471254156
0.51,2.871843405660319,4.373303756000841,4.59244739223508,3.8332527602711073
0.52,2.723996552201056,4.405172613608165,4.572682285726126,3.5073332281952982
0.53,2.831685024643554,4.459207433705592,4.463967366283695,3.7109538214699342
0.54,2.800454009960124,4.300308935554897,4.200191281169992,3.3709908300064573
0.55,2.6871446402261014,4.3806029765875,4.335148867452791,3.4732585652527694
0.56,2.306501682621384,4.432906703440677,4.4749713019348665,3.0052333944939402
0.5700000000000001,2.298999913782878,4.638837673597389,4.244030037406674,2.98281118858004
0.58,2.312012451369384,4.545550715844822,4.2625488962434375,3.144898146552445
0.59,2.3287029199045053,4.5350344673526966,4.001311423288554,2.8238549011895326
0.6,2.0104807779376164,4.6352559074097055,4.0971985671737965,2.4810126403701878
0.61,1.9777814568151537,4.484571890309914,3.95495846212319,2.324699946070261
0.62,1.7534311584375886,4.5650524928884035,3.688627034038998,1.8643237053380357
0.63,1.6673460005765202,4.489778833581525,3.830670979424171,2.0826008274811594
0.64,1.9241549787272358,4.545977794590541,3.5512631140007738,2.078288816540222
0.65,1.9497307957310928,4.416662614954817,3.544534716102759,2.015070836170408
0.66,1.66260781912827,4.133664627116142,3.6135133033904334,1.6697639251155612
0.67,1.7844219537785704,4.485043430940303,3.5657938943612297,2.0863673037227404
0.68,1.6349900795248682,4.722447366358859,3.2575895947261286,1.7126222979231414
0.6900000000000001,1.4325052470893382,4.646739750177787,3.5587265099078866,1.6395225878078792
0.7000000000000001,1.560437780865581,4.652713942510781,3.414632566762507,1.7792769425882369
0.71,1.7218412690357698,4.693993331789439,3.140694999635373,1.5778207218304914
0.72,1.4460745208350776,4.519035168018363,2.939276331969434,1.3616509966684889
0.73,1.6882012580062629,4.535602549006097,3.101456074193899,1.7999831293882655
0.74,1.0042242333684923,4.411342353718718,2.9869233735530845,1.0625640846092645
0.75,1.5557751196242222,1.4078737165771111,3.0129138480074547,1.4433259000753322
0.76,1.4405102510954726,1.5499543560213733,2.8697548013506653,1.4416787333204022
0.77,1.3878143704295003,1.6396254934855823,2.535759461474057,1.6551273835807034
0.78,1.466639211497881,1.434804423135581,2.7349322962964373,1.5414190791928601
0.79,1.1535773324335719,1.387424644621756,2.6830977595603116,1.5726928183839042
0.8,1.4667801941124514,1.4561466527631546,2.77120298407018,1.811716106404541
0.81,1.5940469993039987,1.547733684565763,2.4882591750963923,2.0034755063365832
0.8200000000000001,1.8149107144176502,1.2359179159832334,2.811232239892915,2.223613106319319
0.8300000000000001,1.539134772847564,1.1059615694198266,2.1593120312454204,2.2908831626948336
0.84,1.543899981685639,1.372124391678507,2.6204900356398406,1.9273581565303415
0.85,1.6502552202339544,1.2699410070716761,2.3042787411285746,2.183993323780334
0.86,1.9407367797451456,1.3785887176459957,2.4160119529519344,2.4142600092107003
0.87,1.9131416488930837,1.433533710258084,2.2232641148816854,2.30850761925971
0.88,1.8463645993574636,1.3869582090838883,2.3310518396771247,2.534844090386673
0.89,2.09043577254847,1.6775275942663244,2.016240505609988,2.718465481947253
0.9,2.103362159823102,1.5058857636759468,1.8346879698227738,3.0552978814789684
0.91,2.3275907424920064,1.5018802478209046,2.1809012755717,2.900368682133691
0.92,2.1454604875817194,1.5509356685328801,1.8649352953525244,2.983154029313681
0.93,2.296026143912669,1.2824253546496605,1.85432227147151,3.11226318382166
0.9400000000000001,2.3785676389808756,1.6145021860505082,1.9545031276638944,3.1256246948945385
0.9500000000000001,2.3011469216559997,1.4445141789343863,1.5188282027443654,3.574221257604722
0.96,2.6820047463715846,1.5582960484864599,1.7193629722034398,3.4095784314292734
0.97,2.7751712484274647,1.2926373391364203,1.460349614013992,3.9493292912535605
0.98,2.8339283513626867,1.2191605795840115,1.469780536944416,4.028583887769511
0.99,2.8961005056553137,1.58077188204241,1.437832160889104,3.8410320427086315
1.0,2.806986489541453,4.56290944170695,1.1155736228059168,2.4074151627793356
1.01,3.0685252424289193,4.367979210160242,1.298780558571717,2.7324499854259248
1.02,3.181893841869567,4.372917563508652,1.7121061532282424,2.6681203289104385
1.03,3.2078309268121097,4.6771152390286375,1.7015060648837128,2.6982232955933636
1.04,3.409965538204437,4.32416464421106,1.6118405003009006,2.83440862764468
1.05,3.59832398663165,4.755979865851007,1.727144971188431,2.91347350727027
1.06,3.9324881008275328,4.3681973709017505,1.7047027221475166,3.3829009696173724
1.07,3.7495368134850797,4.602854568374113,2.039757665930832,3.0299850558637336
1.08,3.8531310912326027,4.4554120186348785,1.850742539943949,3.2359198162409255
1.09,3.8867753880534197,4.597486849032197,1.9867028569607845,3.099439020739923
1.1,3.673251105713003,4.422554864440792,2.2014091397898747,3.2415674664916594
1.11,4.058257498471685,4.480695867465018,1.9525224598994144,3.20915370280085
1.12,4.148193032154529,4.5117563696707546,2.3995443953374034,3.6118904034490305
1.1300000000000001,4.607114627002193,4.352711233098505,1.9601864223263399,3.6927273021980294
1.1400000000000001,4.246041784644325,4.618472701469479,2.541820532130065,3.635158687480556
1.1500000000000001,4.387711978935977,4.427266332913938,2.2800408880469303,3.6846187284407472
1.16,4.390427926763783,4.470662104411872,2.3666261802328443,3.7880875971657564
1.17,4.259197019497548,4.353906325386635,2.162845907820267,3.6569201553943502
1.18,4.677738904764456,4.114831750297228,2.462675363486984,4.054053045364935
1.19,4.654948511992017,4.476390826658686,2.4324489444235815,4.116827898120864
1.2,4.695550117094486,4.873374963698684,2.5684036275506417,4.057968725248104
1.21,4.449723002877547,4.625147941298666,2.710595206510626,4.010549927311919
1.22,4.844493466800708,4.5025806389463465,2.9548585118769317,4.267753585493441
1.23,4.408275355744163,4.465433681050008,2.897646288603567,4.104754349468164
1.24,4.7383483177012895,4.508942750467304,2.97934607247438,4.520693061515415
1.25,5.0,1.53948680467818,2.815448300880231,4.6793881507560515
1.26,4.484100983838834,1.2760246027734312,2.9158859604763143,4.4275629078904775
1.27,4.542951464262034,1.6259696330136637,3.418997757383005,4.405270973899279
1.28,4.6344503566626045,1.5651421728077617,3.0703662734819015,4.3766785939806585
1.29,4.515148655011794,1.5655697684154775,3.526414485845764,4.077585913809851
1.3,4.318111109515902,1.5229216711479499,3.281470415414985,4.074159733789006
1.31,4.544801599260911,1.4590571555083565,3.386904728028329,4.194270598190521
1.32,4.322312329563804,1.5586590275137462,3.6267527491758504,4.306767116054134
1.33,4.5239013621324915,1.546301568499529,3.7250276362322214,4.1988097047171395
1.34,4.247828254011432,1.4020846606075086,3.564477604197354,4.0039201382402645
1.35,4.588929429513956,1.3686076238012985,3.584502472893971,4.235449678115799
1.36,4.150800612037882,1.4715964434370443,3.704146129759495,4.006509008825505
1.37,4.158173980304152,1.692249218788767,3.8338464334173037,3.9527115878867756
1.3800000000000001,4.269609294561503,1.2671363277679368,3.9895999495581993,4.009963674101202
1.3900000000000001,3.8641379560787894,1.2323088219751592,3.91002396278311,3.6145050119388937
1.4000000000000001,4.019184809484411,1.4811876604866798,4.075794083763727,3.6966547149202325
1.41,4.109462532324944,1.4638251316105637,4.307701430795603,3.831499935480211
1.42,3.5525213504403244,1.4824960005417054,4.167680339305923,3.249126974378935
1.43,3.7511576664554687,1.493262321701478,4.221650370316924,3.5657164185078236
1.44,3.670357408487272,1.4220339347566344,3.9879311473723495,3.459514763289809
1.45,3.6592140134692337,1.683229443436911,3.8716372286778262,3.4913276352023317
1.46,3.236587765166576,1.2119722284314183,4.430235756475643,2.7756585395409132
1.47,3.12430977409362,1.3297430926635243,4.416642911657454,2.6446872440878026
1.48,3.3212607879685128,1.440322636095305,4.413382188629926,2.836665508825679
1.49,3.1841942385034754,1.2055249518183242,4.602622269031668,2.695434125528431
1.5,3.0754936177329313,4.478704347395661,4.618317121863264,4.330379633024803
1.51,2.989752910332655,4.758845924924394,4.747087165264922,4.239988582529342
1.52,2.723496449562241,4.508701934620242,4.51155354153013,3.5575539715991935
1.53,2.7705289546460214,4.54069287560023,4.310105826906437,3.446927730986219
1.54,2.681513495443114,4.313376772767881,4.528553651839566,3.548243325166723
1.55,2.421898553982108,4.411539117633191,4.265960462727287,3.0064004130688824
1.56,2.742497550616819,4.4483101663668965,4.322107394567435,3.424228629936629
1.57,2.4252126750421796,4.457074484723359,4.0927366246040755,2.7841033881858284
1.58,2.0666021576662246,4.700932826493215,3.9992177785743808,2.4650711860745793
1.59,2.277287247614323,4.590549901053217,4.05378443641446,2.5452876593992837
1.6,1.9306139279303798,4.336050480247197,3.9767790409967048,2.1892701869105657
1.61,2.1345701557420984,4.543102532502923,3.987724944546735,2.5641943742131468
1.62,2.11849706246396,4.581482462881014,3.800092494981784,2.2751899293183833
1.6300000000000001,1.7278737372757407,4.679358758994843,3.4786160027053707,1.6208867431007845
1.6400000000000001,1.9484693240698014,4.7465064001999275,3.642577467579944,2.2704736565303785
1.6500000000000001,1.7976622259500923,4.3507433100349875,3.777622502245726,1.9235432270462751
1.6600000000000001,1.806715803000873,4.381883799215101,3.533997674321944,1.9536819716750098
1.67,1.928399348555828,4.313771204982958,3.476978387816266,1.984592182453539
1.68,1.5371487498984067,4.46983571172021,3.6130310510199592,1.7697783144401686
1.69,1.4149982432805066,4.576624172725397,3.270211870313569,1.4558350953107577
1.7,1.3588136726896145,4.656058737899688,3.069124262071275,1.123465078675488
1.71,1.342443663394331,4.493936871441425,3.2295872339358995,1.3723772234166194
1.72,1.4394216281563899,4.456749348199857,3.1113779779396524,1.3904193456832257
1.73,1.4909964933843256,4.528656247628582,2.9672688611822755,1.2472464840509272
1.74,1.4710773958769616,4.378180943609966,3.031127139301136,1.532311966317291
1.75,1.5566262803015165,1.7746634679630944,3.074729494112551,1.5890047551258117
1.76,1.4285755058067982,1.210941963938893,2.927561685157695,1.4877701577910905
1.77,1.6702924003928024,1.4842340222005348,2.913882185057405,1.6624917096191707
1.78,1.4091911291495065,1.7646105706410982,3.094645316857366,1.6646760643044276
1.79,1.9123796967014703,1.4571029432213383,2.677010424863829,2.219595522583164
1.8,1.6030336133811371,1.427090415693586,2.713153603381258,1.9211519069984055
1.81,1.3983285825099467,1.401565535478712,2.519134930278981,1.7867821510077393
1.82,1.4040923508344847,1.4285613723221904,2.3987031899108158,1.7368148658552405
1.83,1.7004364135166268,1.665387872534871,2.376067835893851,2.2501841472251805
1.84,1.6381963847317955,1.118817909432561,2.3280597610710396,2.273422909974945
1.85,1.8462133806191758,1.6898727128530726,2.399656571167591,2.224384795846909
1.86,1.8694678482551441,1.2389517636680316,2.659358448943041,2.318123314233663
1.87,1.8484142012056166,1.4154089907267315,2.093242460604378,2.7306679527201423
1.8800000000000001,1.7952645219837455,1.390618158652644,2.0768098357201943,2.607451370537322
1.8900000000000001,1.763540314304273,1.5458043762278515,2.069213244105131,2.6826818860757533
1.9000000000000001,2.0157448650292205,1.2123960452089684,2.078839639589121,2.910809706810624
1.9100000000000001,2.309498682654591,1.526534802271562,1.9918832886009954,2.8645098757593144
1.92,2.2931268136830405,1.7647178204571778,2.093265207428016,2.8547673580618356
1.93,2.1480487698504254,1.2482195257196937,1.421711719592433,3.5797101172554
1.94,2.4696820302723523,1.4849911382150263,1.362808634401354,3.400338723093804
1.95,2.5991453058738925,1.3551320373679905,1.6064101244122049,3.5704968845844
1.96,2.4918136475534816,1.521002265375401,1.8013463741678173,3.1852676404678615
1.97,2.7578715638461775,1.4589856641328254,1.3009353214063093,3.848026297040526
1.98,2.842486348747657,1.3582570034264614,1.0,4.266582516817811
1.99,2.7496855435307297,1.5304532888941225,1.519340327844248,3.6850909566876027
2.0,3.09278755517352,4.7806308905710395,1.4004809429599874,2.520703500816001
2.0100000000000002,3.2267140110142236,4.476409728814819,1.2479100701075716,2.6868179217891415
2.02,3.411701535223768,4.615260653069699,1.3303606472889802,3.000109548979439
2.0300000000000002,3.5069973954959517,4.3083286819284385,1.3982915555842776,3.110890533512148
2.04,3.2139064588052926,4.359687017150284,1.6401330554533304,2.712498151785029
2.05,3.3820378242682807,4.577546312033971,1.5850998821396676,2.958554327658231
2.06,3.7114833794720603,4.731804285912349,1.8334927700407515,2.8959861055482454
2.07,3.8042110397727917,4.5597385953506056,1.3517486291762713,3.018428117276874
2.08,3.894635005280381,4.457784559525807,1.7434865643261026,3.1129752384635534
2.09,4.519765467258942,4.505409277089259,1.7648557525281394,3.4209573830510873
2.1,4.074539616528464,4.314864452276204,1.9722959424889293,3.397978377143421
2.11,4.245563731044463,4.5976893166215484,1.9916221211694816,3.396770201628696
2.12,4.292252866464444,4.6400488975489225,2.27522447094892,3.2944697530878435
2.13,4.315076987385641,4.436585948714676,1.906456207412762,3.3101170341963497
2.14,4.226231189463189,4.433848789567801,2.2830089427155738,3.36337358747753
2.15,4.461440125368378,4.5460564521723725,2.4321455484279584,3.4987267326091134
2.16,4.271457368636417,4.438929542929294,2.7096081567717265,3.631905448119494
2.17,4.409395931824868,4.495433909382044,2.392918671801821,3.5853206204337686
2.18,4.415304665665275,4.8256672711027075,2.589986355118185,3.5877347433347
2.19,4.546947118612346,4.46785267777345,2.3076207818664685,3.889856748418632
2.2,4.941131213854384,4.450880278618482,2.2768909048142905,4.176296686276727
2.21,4.295330409325242,4.40678496264485,2.8710440043729264,3.8609822935029063
2.22,4.729001106056788,4.618986172033062,2.7974703002484267,4.023895593917734
2.23,4.374287756520641,4.4778856050117,3.056269200060609,4.1192544801547655
2.24,4.567690657495553,4.4065057499124425,2.7046986663202945,3.9231378423041834
2.25,4.822457280816398,1.657528759538574,3.0793687885376784,4.057368714550785
2.2600000000000002,4.654118330187215,1.672516655308423,3.3650989689124455,3.957601520426969
2.27,4.460515436009189,1.3645180364301366,3.1936996114922667,3.985602771857236
2.2800000000000002,4.503094315497565,1.1714700320853213,3.235666869495577,4.099120557650524
2.29,4.7058387231199275,1.6096843432764716,3.2572282970500357,4.023031234783188
2.3000000000000003,4.450328140287928,1.3516788925449026,3.064536962491318,4.079083548966233
2.31,4.568639701598258,1.5766148612396869,3.6079984987573965,4.049511632676958
2.32,4.500881862301362,1.1556793844415696,3.3520819382126055,3.9808262846430624
2.33,4.342540605509744,1.5921627531739735,3.5996516909146785,3.634956430022655
2.34,4.741587908106768,1.2713956710002432,3.3272199815049732,4.192617164913905
2.35,4.4412842916344095,1.5674876282294052,3.455236971508517,4.002696400089466
2.36,3.9506304843803695,1.458242404692592,3.9477404556775113,3.468901060928338
2.37,4.240137549253168,1.310616569844664,3.721891688511291,3.728566820227736
2.38,4.03181698268837,1.394004285597294,4.081412436914033,3.484722989430339
2.39,4.199927916345113,1.5607108844248687,3.896551924832218,3.728626955717947
2.4,3.8547823442537656,1.472212151695504,3.6737619697763852,3.4453410519913303
2.41,3.880281282894624,1.5451730957266974,4.185775493759914,3.417936809128146
2.42,3.8930134492947905,1.757419105655238,4.009009625512239,3.665178963260787
2.43,3.860942125769436,1.217562233283266,4.284882608375806,3.484140770555274
2.44,3.4350028897999785,1.702646692048318,4.240202980428522,3.090305709017375
2.45,3.4792827263964856,1.4719775702872973,4.049326494503175,3.1646709100348196
2.46,3.359409274969866,1.3190262503728958,4.393626390921321,3.0232651167986155
2.47,3.2318386605501157,1.2532298317482573,4.790944188087407,2.87037096969555
2.48,3.52169257522157,1.4272304837286018,4.578027091814063,3.0004362842002172
2.49,3.2016014107268345,1.5965925038925555,4.553438373512897,3.013155494972235
2.5,2.8318869699303146,4.486069577631945,4.803870509288594,3.7061524008024387
2.5100000000000002,3.0818544859845347,4.7359269764282725,4.597253462175134,3.88680723705224
2.52,3.1751574106146094,4.284252848399875,4.531717909353771,4.053503122475096
2.5300000000000002,2.8995086080895716,4.5036740855126025,4.253789943690181,3.474037471133702
2.54,2.3893805041241425,4.314561685924976,4.4049896977025735,2.9667046670906356
2.5500000000000003,2.458989314460945,4.560961201718417,4.47060059211848,2.956366901223424
2.56,2.6459715912090798,4.6407433075556686,4.099491970108897,3.276237170496263
2.57,2.2347758264270126,4.441362691225093,4.403461775522381,2.7771013377131144
2.58,2.3301544454582443,4.10844616939423,4.090401118224516,2.6771384904030735
2.59,2.2963196829663715,4.535851451216199,3.8949935089302365,2.6885256267426305
2.6,1.938310558840336,4.57210796258177,4.137671908782757,2.659193939827321
2.61,1.9981119186793963,4.567161173888967,3.8624777219705693,2.5731676841799254
2.62,1.4093186145827656,4.693940190531146,3.968068873247656,2.0062395151314005
2.63,1.6950401178119243,4.342211023769115,3.730966167651798,2.193328981243762
2.64,1.752481064091576,4.609231608070905,3.7035080344308327,2.2289737554999127
2.65,1.5300092787975808,4.687341989464542,3.728567623533287,2.0929708593835636
2.66,1.9373297737235613,4.2343315193305,3.63010716055927,2.364352722220419
2.67,1.3921576088794232,4.554255449960932,3.191210193705971,1.8747930614485238
2.68,1.5057736581334982,4.42864372967058,3.268697294566374,2.0472457316096944
2.69,1.557559921760588,4.493087347794779,3.538373864039666,2.1592034835180067
2.7,1.734494562545438,4.558528441201945,3.299592791924611,2.1222368241723206
2.71,1.2425024997319454,4.431228332699328,3.170265517747548,1.848726384271504
2.72,1.6393300232981232,4.402490378864196,2.968522328657119,2.093380830437045
2.73,1.4376583403605978,4.51072462478158,2.948727362248417,1.8546702788890927
2.74,1.2682783655991472,4.339742148583117,2.7294671039239082,1.6906838093469487
2.75,1.4977820133804685,4.3399587831151765,2.9778826562873766,2.012744728429122
2.7600000000000002,1.4585646638482719,1.5596519359776395,2.8313091011294516,2.1505637457827618
2.77,1.3392648341016833,1.2809065880946409,2.705812070815554,2.0880349253335426
2.7800000000000002,1.46309986696053,1.5576605251262796,2.7872490100835474,2.035242832125012
2.79,1.4118319554167202,1.5265986313664375,2.7924923962630115,2.178607374737079
2.8000000000000003,1.5204842816075703,1.1929279865598714,3.009655725722182,2.127599676186478
2.81,1.643210409357056,1.352756137611319,2.3553230918545003,2.4745493761624044
2.82,1.8323381526390383,1.6381350690262066,2.726392323079412,2.5151822839753635
2.83,1.4231570674898535,1.3064653349362867,2.6306085513823456,2.3430746700369536
2.84,2.0180210110692194,1.3852572475939695,2.27899248132502,2.649143221631889
2.85,1.4164880930921089,1.526517759982223,2.374130790545294,2.22138219157397
2.86,1.7687254727913326,1.5755117085765635,2.200810630622667,2.5633179039196006
2.87,1.9549790163416807,1.417713376073707,2.240563484499525,2.760333187956055
2.88,1.977043192363491,1.3649622455667836,2.391431461034702,2.802485002830035
2.89,1.907338413530038,1.6729385251016837,2.1784672967144125,2.7057523446440515
2.9,2.054169463543805,1.721200633786795,2.097269965173961,2.789511621678397
2.91,2.0919998144007916,1.6053151446817466,1.878523461977983,3.0947587998805304
2.92,2.1636238125194254,1.4690748289867817,1.6410165936615555,3.1713153949278663
2.93,2.485779880424727,1.3328278112096967,1.7840663969539416,3.2546123550271013
2.94,2.4993128415967707,1.3294461703822198,1.949905123664899,3.0492259640017423
2.95,2.425354588606007,1.5357352158717759,1.4379225366899915,3.3929169151573912
2.96,2.779274759726661,1.5198604006274277,1.4496984041508534,3.395251394173454
2.97,2.782624986218245,1.6697714766171727,1.5773531025738876,3.284825936483057
2.98,2.964122849025552,1.5552419431417963,1.3305052046275843,3.563808454931351
2.99,3.0353965144785042,1.2268876546768142,1.2965445338361858,3.6761754349483047
3.0,2.901499668366597,4.665910462725353,1.2914676145695918,2.6800550392861546
3.0100000000000002,3.0460346045767546,4.353340461192293,1.2029149554456091,2.7083098208830974
3.02,3.3575834672299663,4.446972236192037,1.3322260299670416,3.0000889006270905
3.0300000000000002,3.435524199183465,4.54366598383638,1.6716470027309382,3.0114809890759373
3.04,3.4325929228593792,4.809801845880024,1.408481936043838,2.6497100724249236
3.0500000000000003,3.55210934048204,4.979694556467973,1.426371181717659,2.909419373011236
3.06,3.8344055036954083,4.598025935286549,1.6498440535577665,2.9253283078692367
3.0700000000000003,3.626047397637975,4.477584861199977,1.937708700583899,3.0746229635556834
3.08,3.899800837324867,4.587014761934446,1.8513030440736968,3.07937130039433
3.09,3.86618492100975,4.640860411935337,1.872924292369401,3.041244491432585
3.1,3.9474360966218804,4.4566243051038015,2.0214229046599677,3.0923307505875517
3.11,4.23963404273592,4.779237786333801,1.7943199776821483,3.2611997249480367
3.12,4.2715272196985925,4.54059679554715,2.2256990927933717,3.1800992210377785
3.13,4.341207543392834,4.581409480456948,2.2728704327850204,3.3600713025860838
3.14,4.487466507226109,4.607052492621634,2.2087057205566314,3.4455775600827705
3.15,4.342493432801826,4.569797707357052,2.50527052821439,3.433214043994187
3.16,4.505941341163609,4.633432722634505,2.222071867760203,3.5449382878848437
3.17,4.397557416427725,4.411403145882777,2.6559003110201527,3.4057657712594174
3.18,4.545786266746864,4.420391621623323,2.562218228512476,3.5887152318130773
3.19,4.512773775679618,4.337773987957825,2.5473434904197423,3.468273094032407
3.2,4.583684049997226,4.572529195299222,2.6644313562465767,3.676265986375618
3.21,4.692228403360083,4.624283759713796,2.7155040229471696,3.556580706614282
3.22,4.48650595781335,4.575315118311956,2.9977431868177344,3.5816371690874655
3.23,4.971483475402752,4.760831463382423,2.6878258472139924,3.841801096718474
3.24,4.481605717115924,4.504664079010293,2.804502159050478,3.5044821271460633
3.25,4.451232831312121,1.558030904555202,3.163736079702339,3.431648161421576
3.2600000000000002,4.830424111035052,1.2896117281082988,2.962483815587995,3.7228146340321535
3.27,4.761830161889858,1.397044071595594,3.2722550955327137,3.783298961817148
3.2800000000000002,4.718985200035616,1.5621165747739143,3.468126596538808,3.7469029161766474
3.29,4.697577787620711,1.5855309245572728,3.1901869319511316,3.686377079159235
3.3000000000000003,4.566076093411238,1.4112442609774072,3.4324986785370784,3.7507811416429715
3.31,4.389129284196204,1.4451492324268047,3.1980457476558213,3.433765708126876
3.3200000000000003,4.505754830533872,1.2246320602845344,3.5751861991956213,3.536517190235042
3.33,4.338420575246484,1.4016289979124297,3.549812444629265,3.5162360698877606
3.34,4.553194529082527,1.5918251522809501,3.659864595362971,3.591338619760917
3.35,4.315404998556508,1.543769133843647,3.542461185922308,3.5418924767452395
3.36,4.1439916574986775,1.5324039368874984,3.4419016408807845,3.495472804863011
3.37,4.158282886840414,1.463655274943141,3.860851530179065,3.38594762791603
3.38,4.2050421035059315,1.4571430913909338,3.506872898922319,3.501241408325318
3.39,3.971668838470518,1.355385300130457,3.857485574734728,3.3221053863534333
3.4,3.8499952958533754,1.562618310524444,4.128449320856378,3.174693967992441
3.41,3.9380527031784642,1.5202529753063398,4.071384810791487,3.2781928469210158
3.42,3.8511028067550113,1.5310855259811937,4.423695326635908,3.2581808550305076
3.43,3.6396879373947084,1.3758602753409663,4.338211732418106,3.0937061448653487
3.44,3.552546126485809,1.1277404497658021,4.129253087268981,3.0628900467679143
3.45,3.5706005444840043,1.6233518342662152,4.305896726162057,3.1644596228542645
3.46,3.2025568366553956,1.383056581627113,4.3590454146676585,2.8682702400857165
3.47,3.1102857909071697,1.3245165255948868,4.173645775191014,2.978244350718499
3.48,3.1213329985612632,1.5618026573103663,4.343846872889134,2.7937478644238856
3.49,3.101921845926376,1.3962949834549252,4.471220713122511,2.787305932318044
3.5,3.0852313788358807,4.667128530363907,4.295516838923722,3.6870527315725052
3.5100000000000002,3.171712494813049,4.599593793898111,4.570594646496062,3.485191176530474
3.52,2.9713433977556987,4.609742881759586,4.456792859260958,3.2979653744301567
3.5300000000000002,2.7073146500145575,4.297246556588413,4.158824806873952,3.173641105689968
3.54,2.6312104358691313,4.690305518212044,4.432823158336552,3.0383137021107847
3.5500000000000003,2.3754494730333775,4.545350855155789,4.418390536698569,3.037973304716389
3.56,2.4387844091994664,4.449212688196855,4.273176037296986,3.201422105415945
3.5700000000000003,2.3023128050076798,4.52738012475484,4.117789055096695,2.7511379258140556
3.58,2.310635172460697,4.234690188321844,4.202010872433048,2.7212886221844665
3.59,2.038127972640743,4.5678256579153675,4.15116482050156,2.626037327170425
3.6,2.1714242914438238,4.348566411085667,4.024905401084443,2.847960797963992
3.61,2.254756165038958,4.299272219379897,3.7746113724039017,2.8487411248086976
3.62,1.914222205667946,4.273399318634958,3.8891724809873947,2.5606531983441085
3.63,1.9249015820632298,4.675171761375263,3.9739448019961436,2.7431531071532613
3.64,1.9044292376464407,4.40957191887426,3.6158075273892374,2.664999508898133
3.65,1.6664599000578337,4.739368705891007,3.9906840533356545,2.745737946029398
3.66,1.7103342116428601,4.423822298537025,3.4967063967726184,2.435535290891159
3.67,1.6247002404869297,4.245192082692226,3.5225259438034846,2.1832756029394718
3.68,1.5924445060785608,4.335277980621136,3.3420134328916813,2.2542559240722833
3.69,1.411891683868993,4.693944677521765,3.423007945454019,2.2978212565318623
3.7,1.5061379329745395,4.481747124302223,3.0365441459312446,2.1984273033346873
3.71,1.5542058805421801,4.4219185515709345,3.166620526707915,2.332349264615369
3.72,1.6857471755594833,4.529915706577848,3.012054221487115,2.4780378289105274
3.73,1.5906260899447475,4.582025415781034,3.1472409350802635,2.5056425770820416
3.74,1.773533964658091,4.675889974351634,3.2222481553804947,2.464670794184747
3.75,1.2996167081632068,4.726373701506942,3.0999711150201774,2.4067912728518013
3.7600000000000002,1.5670821695168413,1.4012113077277952,2.541607900077179,2.511656325626056
3.77,1.4655603761712437,1.2538802704810483,3.1973533510552206,2.315837148787468
3.7800000000000002,1.8048057197802536,1.3930240626662405,2.846620258906672,2.590663523588931
3.79,1.3436544620764916,1.4957517882242286,2.6061674445861263,2.358339297308781
3.8000000000000003,1.3668393386091027,1.3091193645200874,2.6933490942623823,2.5574415912920947
3.81,1.4398756313257108,1.3101269049102484,2.6311130980059416,2.3773742878571142
3.8200000000000003,1.2343672463619837,1.5084843713173184,2.428030910634128,2.3054535253246318
3.83,1.5379283577022314,1.448648005017326,2.50396224169205,2.5102652480709837
3.84,1.5518560740478158,1.46106679531862,2.3070310783871255,2.657635774392987
3.85,1.7553701572111258,1.3404164294311427,2.274864101493467,2.817410069068641
3.86,1.848275380823029,1.4209363672104656,2.1634554680324447,2.768052228453796
3.87,2.1625577653064902,1.3151459616092505,1.9761629434424308,2.850657547807412
3.88,2.0849435371010836,1.591796982610644,2.1687023749482304,2.9274558707856304
3.89,1.9147198798303333,1.613913268006791,2.1751496613856216,2.876745028807906
3.9,1.9429067908864113,1.1745731671793522,2.098295183572859,2.7181316156669424
3.91,2.2507511493910024,1.3143412547606403,2.082781305697684,2.996817016018163
3.92,2.0458210167133837,1.227886509521696,1.9364645474798166,2.867446733428458
3.93,2.6440374446379264,1.3569553413296713,1.7310906627651172,3.1843627496275615
3.94,2.6318728410110506,1.4433441528173914,1.8899553740960786,3.087593767015431
3.95,2.4614164599560757,1.2350350383384403,1.4656392617310123,3.394183537533766
3.96,2.358149155632808,1.3155078294801719,1.4749265377146008,3.27889259170638
3.97,2.9513136306921357,1.3029902046408983,1.3991972525269398,3.377895147321652
3.98,2.8146423998495376,1.4876687334785852,1.6678286110854257,3.3957940152322488
3.99,3.133425351731751,1.466639261992988,1.5800521948447597,3.3147513562428306
4.0,2.778125748051459,4.395472147182214,1.4402870872812008,2.81552997764911
4.01,3.039717242338657,4.532477649042361,1.6011507426559244,2.7526303599583017
4.0200000000000005,3.2379784227446264,4.422163607281469,1.3477204204580628,2.86325605052874
4.03,3.344715958050765,4.464097368686849,1.613675975877102,2.971516347258605
4.04,3.3634194558353845,4.760672839616294,1.6016238304742458,2.9177507965764073
4.05,3.6335904464369158,4.709900844104099,1.8257844119258202,3.082969784555919
4.0600000000000005,3.4563878614793095,4.307366842482615,1.7339499428277685,2.977463524860624
4.07,3.698449020826466,4.63202874272546,1.7552347377092983,3.0061269348601813
4.08,3.831008102687299,4.629233026727224,1.9718465283428306,3.0129096776542914
4.09,3.9816929753834804,4.330438677148418,2.091970189897043,3.1611104673390935
4.1,4.097221843289676,4.630358440289789,1.9049844507234304,3.186909690372917
4.11,3.881259060475688,4.740009732315772,2.069547729826609,3.0657298035570384
4.12,3.891213509366643,4.334360039970483,1.9719528610027894,2.962012775697268
4.13,4.416022911622878,4.365623316005045,1.8021042401534837,3.3356325874737798
4.14,4.330609916084964,4.6606827655885805,2.308326960547136,3.3372643198758345
4.15,4.21846547963588,4.546912902908749,2.4404072790255684,3.2096025365105643
4.16,4.646040524264379,4.589602316811316,2.449092564141302,3.3203704385198853
4.17,4.46621147680025,4.5574478274505115,2.153116637202152,3.460201897238085
4.18,4.683617914465396,4.565087724874795,2.4796574888532557,3.4554391752371867
4.19,4.544633245787415,4.303266719480033,2.2399040448879886,3.42943127178876
4.2,4.900205403628453,4.665204528335291,2.8914539861752724,3.590997233086035
4.21,4.879229083548116,4.683847696553981,2.555593633555561,3.5447746605906785
4.22,4.578259831329046,4.4705415247325835,3.003481054953175,3.6695366557834017
4.23,4.7908281240538635,4.498888276554542,3.0182609990417824,3.7116972767126777
4.24,4.747780500494388,4.27206544046264,2.7819447058179305,3.5436864403154713
4.25,4.867536801056776,1.534475891762551,2.809360016655626,3.907862363555454
4.26,4.488229315075934,1.5432892151237851,3.1170216526139276,3.494561478996158
4.2700000000000005,4.744807538149235,1.4465837300642381,2.987187989228454,3.932379394106114
4.28,4.788987269940818,1.6274991866703592,3.2072236871498103,3.904233733344446
4.29,4.312822793354343,1.4051285434685392,3.1769481868955416,3.4801013969750394
4.3,4.3773301476012465,1.542153063443864,3.030182835008521,3.5345462264316403
4.3100000000000005,4.205063084165964,1.3005953232595937,3.0221268479616947,3.321951839522853
4.32,4.450112988020853,1.4524750968298044,3.4889158603258266,3.4347856202611875
4.33,4.563221668594387,1.4294819137832362,3.425486585177751,3.554573174173218
4.34,4.638175663768375,1.4904194287908685,3.4922202848533495,3.7177467321475857
4.3500000000000005,4.351050733394601,1.3997234373480087,3.7616191045261957,3.461698097570976
4.36,4.539550314112535,1.4360201905251873,3.9049940225427617,3.448856589603966
4.37,3.9876370482062997,1.582015678981894,3.734105252184597,3.371429356156515
4.38,3.863930521186565,1.3894715929263766,3.7883371368483285,3.3405261204080223
4.39,4.053577770437615,1.2111072329669001,3.991044083197835,3.403448015050901
4.4,4.0444267903434765,1.7228296872546254,3.7529929685783925,3.3107688806982405
4.41,3.8935049223210765,1.6666999909940756,4.07649116777287,3.370619141542809
4.42,3.4783842874661426,1.2590315544853241,4.19554835716162,2.9089454350737314
4.43,3.707033481659777,1.5612276670291803,4.281866922393077,3.3143909849061686
4.44,3.41821206833986,1.379376303529718,3.9196659731664827,3.135075848833304
4.45,3.6411374066703512,1.4962407233105919,4.177047499528328,3.1013387655218763
4.46,3.4950508994334233,1.5009272591721416,4.223297832251035,3.043059775417672
4.47,3.1856518859418896,1.420325396540103,4.448453971605007,2.843656716856838
4.48,3.1543071656048847,1.336563397433344,4.576027067330139,2.634420539104963
4.49,2.9655995802776527,1.3507775927095365,4.807361356977206,2.7457457683498534
4.5,3.025015955174521,4.365823193125275,4.547320327978891,3.51760042888915
4.51,3.0878634089586074,4.378687258227728,4.481544158327205,3.6492923645603232
4.5200000000000005,2.6742229165013622,4.4952744725751295,4.685313499903074,3.299945448637309
4.53,2.814337048810012,4.396383561691869,4.480588318965609,3.31357203911584
4.54,2.548807552725301,4.609511541628904,4.573887979182631,3.1246317057797763
4.55,2.409242319981759,4.732281544353154,4.348605501310166,2.9969741555654545
4.5600000000000005,2.424517031180012,4.417075116690268,4.047039498784932,2.789712619318977
4.57,2.1819769973665304,4.542019934967811,3.9529332264539256,2.7653398559267752
4.58,2.169380498351421,4.581705585399227,3.851904376663601,2.586667076026084
4.59,1.9783863777628743,4.577484712059065,4.1481965264164895,2.6344456629963013
4.6000000000000005,2.4043932234868004,4.517098412328053,4.168870891864545,2.9317485158730014
4.61,2.0133901789143,4.6187560066039755,4.211473586431195,2.6454522908647844
4.62,1.818969261625074,4.579047049840691,3.9817255136832457,2.506905970850723
4.63,1.894642604215461,4.316807762547885,3.968611883157525,2.591340066582686
4.64,1.7750852359681066,4.6380397669639875,3.6185216417297745,2.1923475913813064
4.65,1.6955130856309597,4.640804822177708,3.4590017743370867,2.2478932139326044
4.66,1.773207131488968,4.389137133344289,3.7214639092899895,2.2144935054746084
4.67,1.7447671363298443,4.511301797141883,3.5854702783105465,2.2285392609178976
4.68,1.4911936779006971,4.60970623797029,3.469434972407657,2.102948322879696
4.69,1.4436753996623177,4.473602704770954,3.4498179894064878,2.01724477469668
4.7,1.4578539689241465,4.669117026194902,3.3739813159127725,2.1101797739481425
4.71,1.1029094264240653,4.865943004923892,3.4655748126684776,1.8195057654388949
4.72,1.2076275941422088,4.385676017180687,3.402049263502744,1.8989755798052648
4.73,1.656324404008338,4.2949459146313025,3.214042284519303,1.927399103967001
4.74,1.6916189254906446,4.551841316829745,3.1979632681135897,2.005931988241019
4.75,1.3831591658251485,4.615535799403453,3.078414742396083,2.000388191249466
4.76,1.519410406353513,1.420865366894038,2.8537353204732816,2.1186201128650524
4.7700000000000005,1.4861768599366199,1.6776485246511417,2.9873331831148073,1.8851377042023618
4.78,1.9481090179063765,1.2519655027675098,2.5705522254552644,2.4395858402736375
4.79,1.6543928070106728,1.5617172286311163,2.9052086519486666,2.1649544378154735
4.8,1.4815693297454233,1.3636890042474075,2.472522302295122,2.2810356261335274
4.8100000000000005,1.3824710382211751,1.718224101465672,2.649021265280947,1.9285131031157592
4.82,1.317770745964612,1.7598700667548144,2.398900181932492,2.0335401090899934
4.83,1.6554652367453713,1.3391720622950947,2.5620377503249063,2.3614251392498398
4.84,1.5523044687133651,1.3722737711148496,2.400734683023797,2.3812921907753823
4.8500000000000005,1.501887780409254,1.5871297176852037,2.080382753836571,2.728119970669039
4.86,1.6889746162682877,1.397039352979288,2.3443088061994333,2.451064876161698
4.87,1.6858268996395158,1.4491421889547407,2.115808335205207,2.492060347602328
4.88,2.2036891419828137,1.4599371909554073,2.2888341402544885,2.831381490181119
4.89,2.1498107389202135,1.1633686764163507,2.0797425904839173,3.0623708356844705
4.9,2.0864299661308476,1.453956276978386,2.078777905936085,2.9114193674081097
4.91,2.4100029319406246,1.3509015953251926,1.7923820941906463,3.1295544957706722
4.92,2.2710891423705544,1.3808784552680318,1.7871927493335622,3.249891079331501
4.93,2.210015905073592,1.676180418251055,1.7431946495172936,3.1159867024838506
4.94,2.687268488409498,1.2644833329092242,1.8927390684538377,3.2525385901483395
4.95,2.6239016696591984,1.580057628722798,1.961467041693643,3.2408518994820095
4.96,2.4670901561531116,1.4135319618839453,1.490528848740618,3.5623778327134725
4.97,2.702414695116925,1.4134104049415497,1.732654762569253,3.5413349581220617
4.98,2.6919703043497285,1.5765761784773105,1.1369014017433083,3.7536515459310675
4.99,2.7110293698557326,1.5079146443412412,1.2309221110895323,3.694078191160134
5.0,3.184401789105653,4.5925201417679276,1.2040322727899717,2.878651149823562
5.01,3.4440891536112233,4.653138910356874,1.20505659979568,2.7278905306898356
5.0200000000000005,3.011709396096339,4.455001881566937,1.2326540578440257,2.7713201974441843
5.03,3.4278840093388876,4.412168017158476,1.6241979851274007,2.772656542660539
5.04,3.331090049805494,4.340061641457828,1.5871008378170124,2.9860208812118043
5.05,3.4546824699056575,4.379664863213343,1.7494101169676344,2.903269144117578
5.0600000000000005,3.532985792257701,4.9551732898340015,1.8655811734047558,2.932716370096096
5.07,3.582138312915797,4.695296798180613,1.8615203592525758,2.9485830322485853
5.08,3.8194394294068057,4.299515553329467,1.9909377300349798,3.0515655488908626
5.09,3.7648405721974862,4.303878770488144,1.9374656321797126,3.2587796359965004
5.1000000000000005,4.026115131885027,4.578988669476162,1.8202499825143321,3.337674629931557
5.11,4.054433580373624,4.588960182007796,2.2523470489106385,3.381979918296475
5.12,4.099970899850682,4.589207040864303,2.048629694041722,3.216666106313828
5.13,4.063801607652554,4.466643556235983,2.057372876402191,3.294061452381715
5.14,4.184081775532117,4.48638898635242,2.246509302140591,3.418296675755735
5.15,4.460863417240993,4.555509948160067,2.191795944791407,3.4360216089431463
5.16,4.4767616420603,4.5186136447215475,2.3380792918276923,3.819156901179163
5.17,4.290002562320219,4.1671349129822595,2.5278375056535483,3.605883984854742
5.18,4.509547078513752,4.470479180760806,2.5938882769987566,3.457478036542053
5.19,4.654860521268716,4.375701201183812,2.455644436816926,3.856660733792174
5.2,4.298972067579934,4.532232251590882,2.5879990578308725,3.583958483929946
5.21,4.68387968924146,4.960687395451775,2.9085482868431543,3.9820445805670164
5.22,4.511585372170318,4.561548187958122,2.8794783917773232,3.9030080429106557
5.23,4.726198633072363,4.457712644982359,3.202743992644203,4.303006426787974
5.24,4.520733959143443,4.646066751512668,3.1218833772343593,4.129925021733767
5.25,4.356023708071091,1.529662810519687,3.1813790413319674,3.865836961396395
5.26,4.3814271018017426,1.5201190351871863,2.8330358229390384,4.039469368965726
5.2700000000000005,4.641978856881247,1.54859421594244,3.2499261047509496,4.113023682886736
5.28,4.660250933252475,1.7696326119863364,3.181803839131016,4.272049709587668
5.29,4.450540329052339,1.2836367007079528,3.1658134503923927,3.9909813117307533
5.3,4.670979624405879,1.5282820479414085,3.348630298356309,4.273563104379123
5.3100000000000005,4.265943456290413,1.3148184527324915,3.5409554519788897,3.769326828920345
5.32,4.482885634421674,1.540766587847882,3.53370485134413,4.189090048153441
5.33,4.2523728723214,1.3159916708991695,3.373710229399415,3.976046841819649
5.34,4.290958627767271,1.3924291677309775,3.703881357046333,3.745921144961924
5.3500000000000005,4.346747802697301,1.4110730393910937,3.5437656634246824,4.025786267185238
5.36,4.138363801669494,1.6048514250970796,3.7486829055820876,3.7160056476001277
5.37,4.14810107153151,1.5961052522200485,3.729072409780051,3.8786965802482736
5.38,4.300681238739836,1.2661284382953737,3.808225251726712,3.785533255131038
5.39,3.9695465047966314,1.4644420979644075,4.034518325186902,3.515958475035393
5.4,4.1172208527649925,1.3478746977967726,3.8047408634866287,3.7576575394853284
5.41,3.716686381073678,1.2641786902379093,4.357830843874716,3.0269907564169243
5.42,3.897013485248529,1.4229770086658335,3.807862587665128,3.4208396230417315
5.43,3.9537528518253073,1.4090309935969079,4.073089566871489,3.5857642299166095
5.44,3.2300845357639734,1.826073824320895,4.296567735060834,3.018527975564492
5.45,3.4047531605482746,1.522080645713348,4.396897072906683,3.030907847406862
5.46,3.528975488233526,1.2460172889100374,4.350369349622937,3.004310236484712
5.47,3.3044162851856718,1.3699536162824926,4.422758637407478,2.830332086273091
5.48,3.2969552455139395,1.6117990775229303,4.564558998545509,3.0422865013334457
5.49,3.0389741671925985,1.77449636584207,4.525084253584015,2.8509900591975725
5.5,3.0490754038319405,1.2142472205834498,4.855797464867876,2.5575367816595893
5.51,2.9088193562202886,4.218880438018008,4.6999645506174055,3.9065333604131283
5.5200000000000005,3.021329534506697,4.790788164983203,4.640083341564509,4.179299894293621
5.53,2.7741018982996817,4.564922788667264,4.27428842882753,3.3856952242325202
5.54,2.68869095772801,4.3731265041870975,4.353814499628526,3.3208066957082596
5.55,2.470651973411359,4.5870335827874875,4.252345576371545,2.9207729914266336
5.5600000000000005,2.3631750744917683,4.10363811767504,4.071793394981068,2.647110679180466
5.57,2.2791187963268866,4.506031990443339,4.229575938413058,2.898662200747527
5.58,2.3221973304887733,4.555501051185598,4.017545439443796,2.8307154834010797
5.59,2.1036075662545466,4.646443150996896,4.147110404517958,2.7517591739102034
5.6000000000000005,2.1344214859865485,4.350926008682324,3.7998399473883397,2.3330174463368407
5.61,2.342223461375829,4.518582259024573,4.190182226398152,3.0576489348967906
5.62,2.072161948597592,4.36441545812391,3.6975437600364143,2.2154226944269375
5.63,1.8076038008410626,4.544456332877608,3.814461068464486,2.2303919157139447
5.64,1.98680448130821,4.369001574036031,3.84265267029253,2.2356475813530237
5.65,1.665355013783595,4.44329313935064,3.554703189081717,1.8856000518036666
5.66,1.3457056806215122,4.353682797539098,3.7218542644494814,1.5446176573388843
5.67,1.460185264029402,4.604797726870471,3.3164128002877193,1.502043882817977
5.68,1.2751630087907424,4.636407556197375,3.68912180547179,1.526563133178601
5.69,1.4798292758321114,4.469744119800081,3.3888425799338844,1.624938151615754
5.7,1.5051560456176865,4.511347563230623,3.223741607262834,1.5368318840990387
5.71,1.7441489699582462,4.284646879484056,3.206951435639998,1.5970521688147412
5.72,1.5045438202285408,4.45982485315086,3.322637879695252,1.8668563839839143
5.73,1.4006939070878206,4.497862491921323,3.029644205634162,1.2450704906855423
5.74,1.5601650375433325,4.905116345523055,2.937352928325147,1.5216431822422936
5.75,1.0669041960474723,4.335972861219279,2.9582357779706028,1.2125142507573419
5.76,1.464456647565026,1.679313002834383,2.736792299183181,1.554139228139312
5.7700000000000005,1.56025850434677,1.608059760919539,3.1611614459589426,1.396210908486224
5.78,1.2135276295229112,1.4988555040534108,2.705843651284691,1.4912375417905757
5.79,1.6582900464149004,1.7242075177233933,2.868894375063814,1.6495176227046389
5.8,1.5567468436695866,1.512802026868958,2.7019005276676182,1.776047105841676
5.8100000000000005,1.469549989405671,1.5154022516515877,2.4414791199927572,1.9669576281014631
5.82,1.678693892631794,1.4479667116647021,2.5360048764063037,1.917235063360753
5.83,1.98866525638048,1.642626831210348,2.5997144213944505,2.1468087501747166
5.84,1.7035281064303591,1.6232476226357746,2.3755199260846416,2.263243789995375
5.8500000000000005,1.771138070743082,1.3606675368686993,2.5358525539778105,2.1821229866430203
5.86,1.7191498074453357,1.2549171588147892,2.442467451513788,2.413777755895537
5.87,1.7231733412575512,1.4251171764688286,2.360354778884037,2.25560612573806
5.88,2.065587516615119,1.3340822269216188,2.0697795433380595,2.685993103839697
5.89,1.8697210779458064,1.44638039912296,1.9031060799403623,2.781743583790739
5.9,2.099250197002544,1.6447415115841406,1.9139305056482459,2.80818317961249
5.91,2.0944729075697555,1.38634020028737,1.9808864969014444,2.769005214988856
5.92,2.3358216666093554,1.4495367630245994,1.9726435064523278,3.204149051757004
5.93,2.402619670830143,1.4649130283379361,1.4633432028896438,3.5193797970640834
5.94,2.609001095061412,1.5854285806249417,1.7514492735119012,3.283365866913002
5.95,2.4548336691002617,1.1134771886917993,1.713252450941046,3.6805901924212647
5.96,2.5907765391317907,1.3635610074980757,1.5767303159420571,3.6206769624379054
5.97,2.5753348167685326,1.488281118601798,1.7676866925189878,3.391024955489261
5.98,2.7614921042132505,1.6390452621015252,1.5602823664097218,3.5544832582973194
5.99,2.99472574129637,1.3810645289500652,1.6400769507321211,4.048536011500646
6.0,3.157131588735455,4.219394526555517,1.325390610798485,2.723701123649857
6.01,2.987689274871636,4.600006307853917,1.5791845034126681,2.5616121236427665
6.0200000000000005,3.377298003635165,4.408641989483664,1.7585037666394072,2.982023852634758
6.03,3.555647876862559,4.324125799353281,1.7710227589277152,3.0591958225361107
6.04,3.5026001227651626,4.410321779522457,1.443644974017882,2.946774285834159
6.05,3.835703878016604,4.4773822649752555,1.6459800408462888,2.918964491368796
6.0600000000000005,3.503748149665755,4.413310352233242,1.6963832763736053,2.8785126456533794
6.07,3.5207821610123475,4.169229019224851,1.8980572804716211,3.1023113895085257
6.08,3.524921036002088,4.642295296266742,1.9956087007999463,2.879005769570915
6.09,4.139910052078658,4.699900777296664,1.8117709047283113,3.2258135269771704
6.1000000000000005,4.08799430257784,4.604856543085991,2.025258917795771,3.3665122152768747
6.11,4.053571811216635,4.332051473674939,1.7495191326540793,3.4375965537196573
6.12,4.183610896741113,4.474795388672522,2.380454905641083,3.4432058862282453
6.13,4.028675970942318,4.504522996700993,2.126517040940955,3.6033468175663765
6.140000000000001,4.671257951068921,4.596817030753123,2.28470355033388,3.8732312090312178
6.15,4.359936113828361,4.607420902407048,2.2903377783902563,3.664538478687424
6.16,4.413655302590393,4.393575961024892,2.593510198991198,3.840860947648279
6.17,4.5645472882132605,4.518019390567767,2.008048120805343,4.114188701807248
6.18,4.571066506543484,4.575240031441628,2.5342640057801957,3.808900582468344
6.19,4.5698365475796505,4.727490272117109,2.5850397724683143,3.97753026611581
6.2,4.440639844556657,4.612935232740701,2.5935650993076624,3.6998530256165463
6.21,4.672292023654749,4.625826810037304,3.015051795793586,4.425680661978342
6.22,4.921736718558574,4.518298578726101,2.6534107195165078,4.231288319615608
6.23,4.85108584706761,4.720573632478696,2.989821639192753,4.51866780541355
6.24,4.900550465650403,4.567994900088459,2.9872822285135414,4.526110404124186
6.25,4.5645393740560625,1.3247738769923114,3.2005309413764045,4.019455827810269
6.26,4.4842511256026905,1.6700415630272256,2.9507772747432215,4.437680569210118
6.2700000000000005,4.613953851814573,1.5624772508934397,3.005380703528446,4.499292740578996
6.28,4.62737020571476,1.3885140982114363,3.3695512921410566,4.294792601565527
6.29,4.772663751851201,1.3829566341283965,3.325317572913952,4.542633070680429
6.3,4.2952553170026055,1.5012857856045518,3.0687755975232913,4.084270740420321
6.3100000000000005,4.780286376062477,1.5266891241977656,3.298421645981118,4.5595382247592715
6.32,4.468068484791045,1.4861478099873153,3.5150066857102193,4.128669088195812
6.33,4.378761294988003,1.5035321833676485,3.6541016739735466,4.091181068261748
6.34,4.232889888937029,1.7152630033255336,3.4716119479954637,4.010315068113452
6.3500000000000005,4.0723749814574965,1.6194470792109938,3.171813552840394,3.896687510777419
6.36,4.409727131383068,1.485132849817336,3.7987640778880096,4.163021783255523
6.37,4.221902013089402,1.5995901858732409,3.5792617692764876,3.955294378785634
6.38,3.9305666076230317,1.2986345925112892,3.5143986912012983,3.7244294996524725
6.390000000000001,3.853787745444375,1.5167391088237605,3.44659991362581,3.6910744347533924
6.4,3.9283999458218,1.731935721308556,4.107667778080683,3.5332761549984615
6.41,4.167790855244088,1.4228201380415302,4.061046355158402,4.1084090134728015
6.42,3.7697771811829788,1.326825239978432,4.0685168961771225,3.3396002001767933
6.43,3.4791185230388555,1.3566404924822595,4.397666604166879,2.995860251536258
6.44,3.5888596509395314,1.2899270167796932,4.340207452231443,3.0545410649009765
6.45,3.4892401705622587,1.336411497784444,4.565498401378053,3.2752449123208054
6.46,3.001272457087825,1.3995738358851417,4.1392456163863605,2.641741401817704
6.47,3.3283921827303464,1.2417557543343045,4.42649014939645,2.7965814514112632
6.48,3.199910757091523,1.4584475208583798,4.233353581477367,2.9531205417697666
6.49,3.248541565864031,1.5936386624540662,4.525359892036434,2.972216358805816
6.5,3.3331370270048994,4.367109411272331,4.587567850031105,4.444605661028623
6.51,3.115493654029679,4.737166424847032,4.665208760975258,4.349983078568929
6.5200000000000005,2.7897641532866517,4.583399094783452,4.504929152523902,3.672083014472756
6.53,2.5547418584497787,4.662652576679253,4.5339844042498685,3.555913482756843
6.54,3.0490546345923684,4.405215600992891,4.481709597614043,3.918939285529457
6.55,2.546584044663984,4.635808965768215,4.6534971864809815,3.7396590620795003
6.5600000000000005,2.4440135427180705,4.339027363095326,4.18457235405835,2.7826227875799674
6.57,2.34495083649539,4.641255632236045,4.016993729318751,2.906358328478845
6.58,2.2905464546623473,4.531718102061634,4.145587708725163,2.7464298302293377
6.59,2.148194370760641,4.58987294717736,3.9089604061244807,2.448494548670656
6.6000000000000005,1.9952510558711807,4.326271401344851,4.216799407213528,2.40440894924728
6.61,1.9195625452343958,4.36904372966211,3.8630619853253614,2.060769916252899
6.62,1.9264731418744918,4.596578232607071,3.7515812728519893,2.2308818513893396
6.63,1.7725626470476477,4.360920272011658,3.7016309176068285,1.604617174739981
6.640000000000001,1.6782926218259817,4.576143566666136,3.8306540567609995,1.885732905100602
6.65,1.7482840254485164,4.297066319500082,3.6221599104145,1.6620492955866215
6.66,1.633116827379661,4.634840610355238,3.477748962369745,1.5814566083943216
6.67,1.8650870828678618,4.317591335424442,3.7893093237983786,2.1017900148354793
6.68,1.149412422145101,4.58972790273067,3.31200390623072,1.1634744469981158
6.69,1.7124180952889212,4.600908867283934,3.392341564312766,1.8099869450385624
6.7,1.7030337661717216,4.399278736651919,3.427751608047083,1.8195938489178156
6.71,1.1397444858024224,4.59426039796392,2.9893100631429146,1.0
6.72,1.3966139796157644,4.545227616481288,3.268943050948441,1.3808841326566443
6.73,1.3761393957625905,4.423358722016848,2.952751082431962,1.3690842591196288
6.74,1.1996143679112656,4.351740405511511,3.194202346441875,1.343370434224926
6.75,1.2979292743172035,4.206270758241085,2.8371557538371137,1.278033270923507
6.76,1.2474750646115647,1.509378190726016,3.042260777105915,1.3756617624675453
6.7700000000000005,1.7184433079212758,1.2174766718356969,3.0443951217838565,1.6270437500539425
6.78,1.602663491457514,1.4706035275277642,2.9391164398614937,1.6946536896916764
6.79,1.678889268074987,1.4158975300559313,2.7740874824334165,1.7813886373601189
6.8,1.618507839949486,1.5596167899066296,2.629889289587445,1.9252494224735897
6.8100000000000005,1.3545041450702278,1.4100125035136744,2.5081550736959164,1.7625042538774713
6.82,1.4921576879658054,1.4058344067349382,2.777308929790462,1.7829971484098674
6.83,1.7015489148073561,1.5676563521090787,2.3573470215646375,2.1427123975657008
6.84,1.4772296172683879,1.5071533083788087,2.236845928882185,2.097926627375062
6.8500000000000005,1.846051866011034,1.504271261119983,2.4496320510025877,2.330850893509082
6.86,1.7544543748280048,1.5276165834426687,2.1455074039190505,2.412271489890003
6.87,1.799738561252342,1.221933543538883,2.055009288898958,2.476629463629897
6.88,2.046346285604548,1.5714556596100089,1.9090265158454707,2.701715409298711
6.890000000000001,2.079313554249145,1.549450837390804,2.0006303126681795,2.7934037549313655
6.9,2.0295337844945074,1.3010498759925722,2.000662140780998,2.887691083297371
6.91,2.358325690849586,1.4188505792882113,1.9885407730971003,3.046447999063192
6.92,2.084370882240366,1.4500728708236004,2.0388955096817165,2.8794475774237753
6.93,2.4481170618773493,1.4355590847329154,1.9042072922791329,3.2980401902492185
6.94,2.537365604702245,1.506970636722127,1.7215909063354784,3.4563886372482577
6.95,2.487145806402885,1.6743103085305902,1.6550441855745168,3.2644049590383446
6.96,2.6868422589107555,1.621005893912372,1.7054215707012528,3.564732425086547
6.97,2.5314369374537753,1.2559887361320876,1.7646309679125953,3.553639236768004
6.98,2.9820406234998407,1.5509147563516739,1.512010447046797,3.722845876422993
6.99,2.904108829927094,1.6586920164850165,1.3493789979838362,3.7856734606591718
7.0,2.9508651824242693,4.5644950030154625,1.1984631991366186,2.6957120784754567
7.01,3.3054070159906312,4.671861894734517,1.18991223973798,2.7209546498196575
7.0200000000000005,3.1236057494780396,4.812333341042997,1.6002260051091255,2.4006470550601655
7.03,3.11012500837656,4.66160493170632,1.65115163082067,2.527338093533202
7.04,3.185061369883374,4.543530037685725,1.7164014015454279,2.7156595278365607
7.05,3.630876145603258,4.66486463154751,1.6664047100050845,2.7802308590472853
7.0600000000000005,3.4220869060712045,4.527608736887187,1.9826336039198529,2.8421626139439624
7.07,4.004239155945164,4.509161876476483,1.7390318619362484,3.198957048393204
7.08,3.4760491950599297,4.451936290796038,2.039542966090102,3.109279083901331
7.09,4.172212856505243,4.743894952724171,1.9424958679487463,3.2427938762270028
7.1000000000000005,4.016534580664651,4.3807294058843365,1.9147860777219727,3.368433281119506
7.11,4.0469426492495,4.739161345462542,2.1763310093586306,3.4407211846393535
7.12,4.050653893572543,4.581732880035993,2.2118008050761047,3.4329107082643375
7.13,4.274418014643723,4.292161526084631,2.2685471427680337,3.5928096194009855
7.140000000000001,4.2709808640207605,4.561573746554488,2.288855657026196,3.312802660848845
7.15,4.516940332294174,4.185320904324555,2.334736185650154,3.7426142218359586
7.16,4.414434271390585,4.600890125842705,2.796478983819327,3.8818625591033
7.17,4.471792744387889,4.640490827162658,2.66510614337897,3.7721660224045497
7.18,4.434928782326892,4.415199290370399,2.6550700200839046,3.944695945863632
7.19,4.524571879668223,4.524354951584067,2.620593233547062,3.9039912872974933
7.2,4.617662138761196,4.803472701443901,2.832223151951993,4.005760674946769
7.21,4.32065157655117,4.428404824497065,2.817656185953566,3.985417166459771
7.22,4.401085212245196,4.344062969579301,2.8026599342819773,3.9358820216687334
7.23,4.7540291815828555,4.731430327740538,2.8141339544350865,3.905667579843671
7.24,4.671297974968531,4.804758008025563,2.9158592897239206,4.053833077833316
7.25,4.617283317970142,1.456629642066699,2.4764591978295645,4.493205255501052
7.26,4.646728769028101,1.6102865100991204,3.0941867445030096,4.063108322452358
7.2700000000000005,4.690252325938575,1.6606044181834112,3.0453248684967664,4.15453053335139
7.28,4.531388842912554,1.3428576831379697,3.450683637992614,3.8209184280460415
7.29,4.470851171705604,1.3820703312785116,3.2589907915620313,4.123272944613805
7.3,4.5996167704978745,1.643740739418236,3.1269330572292695,4.126485309990626
7.3100000000000005,4.376054462000294,1.7129845912705401,3.3783817341330455,3.8404666790594515
7.32,4.559339476477376,1.5418900382605196,3.2809705046244924,4.06646013828282
7.33,4.173141083661946,1.321918608271289,3.5945746562954897,3.675747085799428
7.34,4.561904140988185,1.7590384446048288,3.63011537945547,4.111844456621283
7.3500000000000005,4.415282172617565,1.3751076623854903,3.804419560981976,3.8527014330540887
7.36,4.318314268100537,1.4049668386676983,3.584071367418904,3.9171166498284946
7.37,4.368476521529818,1.5082632789324721,3.7841885076631345,3.8606394884816213
7.38,4.40692941454782,1.6930329687867174,3.6209713834892163,4.261624716946192
7.390000000000001,4.226029192931662,1.5862740553456995,4.023940049237314,3.678869365533781
7.4,3.6858066928303,1.519321757691165,4.059454052297021,3.1648718537907357
7.41,3.6925300254275752,1.5267049409158033,4.121035850778159,3.2589607378112864
7.42,3.710909147733314,1.4627009463746605,4.105648156676178,3.174675649443041
7.43,3.725603428790329,1.541167113158874,4.238497669544658,3.181787702176168
7.44,3.7119062811167436,1.0703776572588988,4.498194029858633,3.092911657004855
7.45,3.416221488165509,1.410841655448332,4.254856935971936,2.9721331342780752
7.46,3.4660653120728915,1.4928611263017293,4.389435874711685,3.033282057497012
7.47,3.2153894470765696,1.2805680916263993,4.254688325451443,2.8915909073510537
7.48,3.1385676062602155,1.5149698580999722,4.355632455721681,2.7935917453339565
7.49,2.9095973055564635,1.4248899033755207,4.578815678887787,2.5761536190472
7.5,2.88631016664997,1.7237280241752084,4.8085414418042,2.781575286924527
7.51,2.7160445661711172,4.745359659981935,4.52096533426576,3.463006753523307
7.5200000000000005,2.675811008864599,4.434494751551428,4.458942117011379,3.335781138554592
7.53,2.902921883286645,4.482518706555538,4.365659751323009,3.5485509099731964
7.54,2.4812495489659856,4.494242343813216,4.279418431758401,2.8873719809016327
7.55,2.9613315546237624,4.436651642533912,4.3496255292422195,3.3154891760537133
7.5600000000000005,2.521282329471812,4.535253276552516,3.991468748983556,2.98810368888398
7.57,2.378631610163013,4.389900111406628,4.380008185601474,3.0556276023737667
7.58,2.120266994768814,4.3331295058142985,3.996669868425378,2.7652251245057977
7.59,2.284339968293162,4.6004636916696855,4.157974826728225,2.8933472765703296
7.6000000000000005,1.9949325894709675,4.60150330451091,3.7671963500013614,2.4879559127812683
7.61,2.0273721099548467,4.38288123680935,4.0186050754458105,2.567529810759356
7.62,2.3443917739883506,4.642034451379184,3.953762024843519,2.845529653320276
7.63,1.8446697856057463,4.409219046224136,3.8414016642532753,2.5169198058078095
7.640000000000001,1.9784325952189188,4.544118069818097,3.550816794957855,2.1438990717076094
7.65,1.6177900532499188,4.630597268556654,3.6887020102600303,2.246407354756464
7.66,1.6685750375058972,4.500392324587747,3.38929914131119,2.249910085827776
7.67,1.9080916574420783,4.574852828527471,3.4759360754693294,2.3261669032653547
7.68,1.4756451152042713,4.426775969362826,3.6200621812562783,2.1916378744619944
7.69,1.8286208792233873,4.475561555733245,3.5166926033319412,2.2721989594842347
7.7,1.6162641665969883,4.474129404253047,3.323661211155569,2.07867710567548
7.71,1.383278062067275,4.391684607893854,3.0965708170336463,1.9217799957589903
7.72,1.5537817386137296,4.478564109436192,3.295953485886075,1.8834511096110904
7.73,1.5927671701780808,4.269395524552744,3.128296370746873,1.917652391088014
7.74,1.5267043726196279,4.430629850001406,2.6806967119138925,1.7929274526646986
7.75,1.1702074091658312,4.4620816230632805,3.1222920862653765,1.9050847000529478
7.76,1.3092784538523106,1.4170057712934925,2.925120155461375,2.048155749272662
7.7700000000000005,1.3961134214676705,1.419244420145403,3.0601801767555017,1.9667265464703725
7.78,1.4398517067580272,1.44664880796535,2.619438220703141,2.2266567822326895
7.79,1.5739786828206364,1.5291678283144907,2.2140325271228543,2.4657403246938134
7.8,1.5308295278466182,1.5894060090428164,2.7132737210063906,2.2863953042154095
7.8100000000000005,1.3212535052893186,1.3569947871329717,2.649962372528457,2.1414992452288235
7.82,1.6379819106716726,1.272611041028418,2.2607632117030483,2.4668738978595828
7.83,1.721085968791904,1.297182976191685,2.3117645179247917,2.547385130147297
7.84,1.7644426615989006,1.38178107774926,2.856412634423009,2.524522786832778
7.8500000000000005,1.9053317304510156,1.4024078098991188,2.2909976688146556,2.6119463751843184
7.86,1.9276036810861323,1.3386628834781094,2.394997617936078,2.7288909721642227
7.87,1.9341644434434473,1.25844392995052,2.103924548000493,2.7383117774154995
7.88,1.9204429319566079,1.386520244094303,1.8033717275669903,2.846026308286779
7.890000000000001,1.7399894230269437,1.4837287344271803,2.0517099592827455,2.696552314068248
7.9,2.1569617106256276,1.5467918184095193,1.9707824500726752,2.941467145567171
7.91,2.2049381668929176,1.3710744345965045,1.8834951586354483,2.989821290572602
7.92,2.3023923725938698,1.3930953190360618,1.8647457486577248,3.1913022748082476
7.930000000000001,2.1430505505452278,1.3147700916594078,1.8613000110419988,3.0413239788390554
7.94,2.2675216002871803,1.4512725427896718,1.7282493234082068,3.1328540896891064
7.95,2.7067883241499993,1.326704069186863,1.4809167397381149,3.613823833604649
7.96,2.6278999286827336,1.543452417408782,1.7015050197661603,3.4371032561898582
7.97,2.842939458378762,1.1837705208261171,1.2382442215848344,3.8554078464870316
7.98,2.8376685653394342,1.401232497347957,1.1563953738081016,3.660542264535687
7.99,2.938707867614167,1.5019767598369196,1.5467876092011212,3.6040295864326968
8.0,3.1863530993467037,4.533547037313542,1.4435080432879392,2.7426917672121105
8.01,3.053148581034776,4.916131050489515,1.4166465372422152,2.604059864792149
8.02,3.2526261664944114,4.55885222293525,1.2633915274972618,2.622433931128377
8.03,3.2626331061649716,4.352426545324411,1.4410686471942422,3.0459534517945035
8.040000000000001,3.3659289368194525,4.490961640343029,1.5791478680328948,2.826712154565836
8.05,3.48336532190657,4.234688495789823,1.426694365793948,2.98912966527406
8.06,3.6642729477303604,4.493228068348369,1.6320355104140416,2.9091675070868046
8.07,3.644232390302641,4.378499130149239,1.9246998902941406,3.07586556565555
8.08,4.014023829649128,4.645089215419402,2.116662159231466,3.0805314948802582
8.09,3.754580183394825,4.4217275067938555,1.8803001011111364,2.9418422330540195
8.1,3.9524020411706235,4.487713720420627,2.137767509832589,3.158448939173407
8.11,3.991654350659259,4.408612188328965,1.7668152617506623,3.0065402830606813
8.120000000000001,4.37171171476596,4.770644432332533,2.252614504644774,3.2271318510657605
8.13,4.241765561287394,4.45653661195116,2.0788809305808122,3.109807114331395
8.14,4.443361604684012,4.7849319788563385,2.3257895242601494,3.1995058391853615
8.15,4.099662487601135,4.629653120282544,2.300450287225657,3.271649719318193
8.16,4.439066517545859,4.579019265476121,2.6220006902326816,3.198430217270804
8.17,4.590959233563477,4.5617390045963475,2.3287660213097423,3.333988246979528
8.18,4.5067991978158055,4.565560599803979,2.6395132963027237,3.45608775314484
8.19,4.705486681406617,4.211600148696013,2.556663273127512,3.534560218578344
8.2,4.4846724953043395,4.462995253760415,2.6418149686502055,3.670661070531263
8.21,4.823461195206336,4.634380716300157,2.7029912270706973,3.8567411741101907
8.22,4.98892921916557,4.498061839662109,2.6602163520799396,3.6063950335257586
8.23,4.575745408175308,4.2912644275627,2.8614255358955063,3.6743740180138675
8.24,4.571950590538194,4.497527077674429,2.918844017733252,3.6806369724134784
8.25,4.881197441188164,1.715895481099288,3.033842230357858,3.7091085126206758
8.26,4.898356057184251,1.646182923240953,3.0735857828573097,3.636230621507209
8.27,4.549952837479619,1.4466122435964945,3.255502800379996,3.5745005399604874
8.28,4.5506618291628325,1.601136058833883,3.341358984817496,3.5851248888210048
8.290000000000001,4.550881248111895,1.4001838905173634,3.084184209451437,3.61036445595628
8.3,4.351348908340764,1.196272493770452,3.463116931203248,3.530287574261137
8.31,4.385680381513357,1.3151104593100553,3.192712490224587,3.5022374843730653
8.32,4.331687146283754,1.6943638023039855,3.5479224995146597,3.4283549549610335
8.33,4.323811712389853,1.414289727399185,3.6184816338769967,3.5176968045588697
8.34,4.390432259708067,1.4189567755558072,3.2703190995460854,3.591275424300137
8.35,4.376859178158789,1.4103490566816737,3.6631224627048615,3.433715667066747
8.36,4.526959578244311,1.746394730575417,3.636741326278104,3.6871669504297406
8.370000000000001,4.049167838139448,1.70398026894334,3.6546686724017996,3.252777856879527
8.38,4.297140005280298,1.7943692518908791,4.064678992428082,3.4804259335150114
8.39,4.02803991901099,1.431816123420197,3.802537674549895,3.3036500050299646
8.4,3.974549718840113,1.5011407756031794,3.8429408257500857,3.2878245649200495
8.41,4.007543441245486,1.2248197840804667,4.052400107409775,3.2488199890982723
8.42,3.6306561039429988,1.6812581238279938,4.21739229370797,3.3444658584491593
8.43,3.7830355680203347,1.2780118178839603,4.147591967893131,3.142441957207334
8.44,3.6552980852292927,1.4891184782963576,4.426640646051286,3.3779380603147864
8.45,3.612572535897553,1.2887576299747137,4.388182861870298,3.1370833626271555
8.46,3.4825706458186083,1.366280121990375,4.01091801576254,3.0884183330274886
8.47,3.7328935783881643,1.3284066087456115,4.345632887443325,3.2403920154810337
8.48,3.1343410641729728,1.3633818574398542,4.405693826163461,3.0977751653346184
8.49,3.0507385520910715,1.373864735771485,4.6411512630135,2.726982569446915
8.5,2.934679693856078,4.42192137255196,4.199354514286174,3.167128659608823
8.51,2.8443788347202905,4.63257787171405,4.979281403773114,3.5239475156579405
8.52,2.7303688597903237,4.337056061755153,4.5842418408484935,3.2814854718103685
8.53,2.9247418458310657,4.5391438338917265,4.456457718457113,3.2207620467550355
8.540000000000001,2.8632351378608294,4.691222666100446,4.5598239861654815,3.414161543757272
8.55,2.4450451067305794,4.427268955740509,4.684330310988612,3.340293851865098
8.56,2.3076077050643384,4.396054388436312,4.378342909042065,2.9395104169013466
8.57,2.4248230395345245,4.470368638978664,4.325746817235747,2.9922411276417136
8.58,2.169610385879241,4.685393038855587,4.126735209711572,2.787665729165268
8.59,2.27347984149751,4.535113405382397,4.016911542773812,2.9168535999534573
8.6,2.1204225384250117,4.424521715844865,3.8969497795922368,2.6063295366675585
8.61,1.7633957517825307,4.579295229196154,3.7743663512481462,2.660899229018572
8.620000000000001,2.1811822704801034,4.337448014304156,3.7317413085823117,2.870269297457975
8.63,2.1496159568974544,4.609405945955215,3.557984501067627,2.693476473167526
8.64,1.6944200182121572,4.567818719837788,3.7008866224868795,2.48199367140845
8.65,1.668638904533646,4.458584973274758,3.372698317447567,2.484926170602253
8.66,1.7202908890373223,4.37765599632449,3.6137727792972183,2.589810849571221
8.67,1.6765789676570733,4.370322809754333,3.511295892552445,2.3744033965167333
8.68,1.6828463273413745,4.58706228578065,3.4758868264588396,2.4330808640127706
8.69,1.8604955721583023,4.69290311955818,3.3012273680497035,2.3849589582946846
8.700000000000001,1.4736666378189716,4.408345375741735,3.8238646475711655,2.534095016199161
8.71,1.3452664492529156,4.575408711670615,3.478040215399048,2.375267644151185
8.72,1.2295276801788937,4.1873029696757476,2.987152297717267,2.0381939895440397
8.73,1.3181962327372483,4.4163791573315985,3.1631749163767546,2.202449030597542
8.74,1.4211403658243,4.500781683366098,2.960446324336229,2.157067928050303
8.75,1.7125495988765975,4.366815560541779,2.8286882056205265,2.232518966252327
8.76,1.343050241479536,1.3132746307538052,2.710144109225055,2.339418529540552
8.77,1.4720795322596003,1.354248096210745,2.9343426313331076,2.30652212169144
8.78,1.4492019571021182,1.5006175263125667,2.6870578008631565,2.360313997984485
8.790000000000001,1.6654850842147804,1.4275036188567158,2.891147643231915,2.315853024688015
8.8,1.9094832100851216,1.1147973114488694,2.8300380053614465,2.6161880161686732
8.81,1.4509204421420838,1.132717575994321,2.8267920865034544,2.4352054634529487
8.82,1.497812083251109,1.3635358673512465,2.397718517525993,2.461108807036897
8.83,1.7909704503438628,1.5258507981731655,2.5492906337821584,2.608680215046558
8.84,1.7841231445654708,1.03714706137971,2.5096048350917943,2.654199311771001
8.85,2.028785266958366,1.3798710151382918,2.2634578396692855,2.715906668122429
8.86,1.8873091677492417,1.3758277965743406,2.14948802561476,2.6357625041885324
8.870000000000001,1.802241509970023,1.6677495662697317,2.4731829288423,2.840625182344806
8.88,2.0269552699612268,1.397360892915748,2.1820435306448855,2.784069598549395
8.89,2.1864093268708036,1.5144614638066702,2.1834276284402567,2.8816464837598623
8.9,2.2199619229158722,1.477603991044385,1.8798685837667315,3.1174768363224055
8.91,2.253226075473791,1.131213231849957,1.7496241612231738,3.471465204037417
8.92,2.4305474658065807,1.5731966731035871,1.7904410579873749,2.9845840830993824
8.93,2.5373086983980304,1.4889082097484283,1.7978629487241866,3.204471290404998
8.94,2.664547462118848,1.5335631732897765,1.5789071734145366,3.2122890115954017
8.950000000000001,2.641599421682458,2.0547096608826663,1.6858161246558558,3.102204687045182
8.96,2.607339088525202,1.1382961219800964,1.346213704250863,3.3916229705055354
8.97,2.7567414496361353,1.7190350639019418,1.3737355955130297,3.2570001771547616
8.98,3.0275716122206777,1.4122382948830523,1.6009843254864862,3.4114174803921578
8.99,2.802236437700147,1.4998759266361446,1.5246681886992883,3.2336412484209593
9.0,3.094542173492404,4.498577949844808,1.2966501858620543,2.9328467621554726
9.01,3.0729265587984522,4.440832919265739,1.2597456692146674,2.857587661832045
9.02,3.241766379413445,4.418633433979405,1.3235210985286865,2.9368471866519226
9.03,3.543206888134401,4.55575835819222,1.4957411036606068,2.91378779029048
9.040000000000001,3.4667636011693372,4.274189963491793,1.7273728855860937,2.956415002037602
9.05,3.5406830180335422,4.619960044150488,1.8390772381650886,2.970705376206341
9.06,3.409284742091778,4.442059092679264,1.6716535945663107,2.825824860473154
9.07,3.8416806213261445,4.333212755205528,1.6296724834104181,3.0280973028026055
9.08,3.9156590127677675,4.436902706617792,1.9272343851905798,3.0110341560679745
9.09,4.2474523216822195,4.697198075501028,1.8142799789850321,3.078758273275626
9.1,3.9329140821197943,4.423893408084346,1.9295059145480065,2.938211567804588
9.11,4.097854131700501,4.560171658495768,2.2960438032102717,3.303521116947169
9.120000000000001,4.178681156308976,4.394066544997505,2.2800067445882357,3.1517310648366683
9.13,4.464341463134628,4.6210796017206395,2.2360356488595423,3.4219484105789886
9.14,4.261686979495683,4.610038436943483,2.067776194145106,3.3149227146859213
9.15,4.384081224087155,4.787379436314093,2.3754640357040815,3.180069683111314
9.16,4.494004776901559,4.4787486344122165,2.5798895274311375,3.3525232703647623
9.17,4.477644835438615,4.607468826977736,2.4102581025858987,3.6431553251718958
9.18,4.421579467895797,4.520469926950879,2.7577168277320103,3.6087914281101927
9.19,4.565034287754876,4.703102204048244,2.8135310354763376,3.4762186401307544
9.200000000000001,4.741100101996102,4.395915105232952,2.9394916003527185,3.6575899583996265
9.21,4.4308441094719075,4.6191101842735875,2.782897754055292,3.4571834752221515
9.22,4.639820666406169,4.475831323495877,2.8943441975694273,3.6364839708401493
9.23,4.521381599542369,4.495730382744648,3.094772682823905,3.59258564922913
9.24,4.836377487807289,4.519507054345796,3.0021724697905663,3.601139946097444
9.25,4.401427886670415,1.4945258920601834,2.912540024884686,3.5155819195265097
9.26,4.553669443384256,1.438344413979101,2.9864987402857723,3.665657147970673
9.27,4.695028174219944,1.4888040218514162,3.1641040116705454,3.6094645930412628
9.28,4.870722558745037,1.6966858509662166,2.979633928000244,3.8726506286572713
9.290000000000001,4.585702083731277,1.6063201881077798,3.232425428495905,3.581942038286483
9.3,4.478561914372597,1.58858837774932,3.5003297497199712,3.5024458372760554
9.31,4.836959034688782,1.3866088766135414,3.0285334868166793,3.917978245339012
9.32,4.2601428127947925,1.320481329554594,3.7025781405033262,3.4828552069478462
9.33,4.093159001461017,1.6017232735278468,3.7006000076421204,3.3855821790554748
9.34,4.466945220572464,1.5896392491202347,3.507467347089496,3.7149675199859984
9.35,4.258185918179285,1.6806080189017978,3.736708732360483,3.5969061605658683
9.36,4.112442610180716,1.3639756823569764,3.7137964293192716,3.511916219805512
9.370000000000001,4.324258748277054,1.4210662828023974,3.979582848376873,3.5259169293549943
9.38,4.177781282374456,1.206089809072126,4.004529124475988,3.4097598744791524
9.39,3.971611767501852,1.3962250799494278,3.6805954898081295,3.2614533330652415
9.4,3.7761604268368183,1.6080158087398102,4.07062751213655,3.2441956505123977
9.41,4.0393990913953814,1.3849384096477806,4.006438822640007,3.4934808197201592
9.42,3.9164193074731553,1.5537217464006714,4.118916468682253,3.5031438919630755
9.43,3.705412664380539,1.4270196576015728,4.051768359882656,3.3264323572438363
9.44,3.9261135315069358,1.5054759576340988,4.521687110317882,3.171643902772239
9.450000000000001,3.3607199447755525,1.281074711250917,4.47135512663392,3.0622389251321827
9.46,3.1900747734125003,1.4690582562975107,4.245924062608948,2.7374854581435386
9.47,3.2256204486498805,1.0,4.214092048554594,2.9199405687157722
9.48,3.2297855904190755,1.4275696181655382,4.434475621618651,2.8798591645987384
9.49,3.1755475971583276,1.2074637269152206,4.633822509409432,2.885979729170392
9.5,2.996235797589227,1.6399472226864344,4.667429396117939,2.690144457046357
9.51,2.9906566876227823,4.6240506061873745,4.7675667193092135,3.815750081713542
9.52,2.6313786001669097,4.576671836793658,4.626538746742559,3.2401795872966814
9.53,2.965802634839572,4.7374290288704275,4.590538815928555,3.5696851009026385
9.540000000000001,2.621034218745417,4.360833588831158,4.420184834877167,3.0958643133108166
9.55,2.717127013922423,4.771942255276983,4.074456849732169,3.02350994122846
9.56,2.497009529152968,4.647650950889245,4.204111771288665,3.055646137974257
9.57,2.4224597355516084,4.469449128509746,4.3439267074284595,3.193665721976554
9.58,2.3504549647923927,4.6786682273465,4.096966056233246,3.146752611323866
9.59,2.2436251971937637,4.33683791631587,4.12222609893108,2.792051864631463
9.6,2.191310314255892,4.379801534804233,3.9226074510291946,2.8106915465310887
9.61,2.221941716573397,4.4127240862964445,3.7410867616145254,2.668624843906114
9.620000000000001,1.9634280412497653,4.424862733916889,3.8238312480034122,2.516007554080594
9.63,1.9744315089684252,4.344421271597886,3.8291232304327893,2.4717960722017756
9.64,1.778726715676398,4.692003922496643,3.606158782279629,2.3288864128852653
9.65,1.9632502835645296,4.466049125681156,3.6094224511281436,2.4973661852126825
9.66,1.5651923258362537,4.559264652634649,3.429096288440194,2.0934848455177004
9.67,1.9129496484850457,4.418554386384585,3.70008875614018,2.4447168034875784
9.68,1.5702281464169514,4.227925275543072,3.403774290693814,2.081731330522114
9.69,1.3058717927826025,4.5466936546224765,3.6238757674568314,2.13795020733916
9.700000000000001,1.5228354538169213,4.213950910208509,3.5709408106930867,2.0474708690792798
9.71,1.3641643206148075,4.495052509728131,3.242589507644128,1.9861236660532897
9.72,1.5873455907604463,4.296886823868595,3.0257242624750065,2.177966882158595
9.73,1.330817755626804,4.808522373847941,2.7843450979426523,1.9242351454118793
9.74,1.3545631235738975,4.644475124051278,2.819284738697455,1.910852652481593
9.75,1.1187394345337522,4.521641869415812,2.7699783450107898,1.6265873160536652
9.76,1.3535762249149572,1.6487467435320835,3.1542875344583514,1.9157214020708686
9.77,1.0453233797515697,1.327026191362418,2.882651876450544,1.9170684083049134
9.78,1.1965524990501413,1.538931844741927,2.8620305958562158,2.1243770918235034
9.790000000000001,1.596502659732895,1.486531761517695,2.3702658195520665,2.2012610926609897
9.8,1.6288441307466899,1.496321970753209,2.4719597200840644,2.2439021595857866
9.81,1.6050629775319276,1.6500651466719982,2.7472551822979456,2.271484367508224
9.82,1.4208417906819273,1.5677510983267648,2.583829628020561,2.132818719991523
9.83,1.6149803638627773,1.500088589020875,2.447577731087824,2.27284799310481
9.84,1.673633886091185,1.2037412325253865,2.4985587061201966,2.367908998569791
9.85,1.5444219250737081,1.309685438855959,2.6081764658192714,2.2791198159186585
9.86,2.0355111463208306,1.4373564085014539,2.2394637960454293,2.569718210839012
9.870000000000001,2.0015678641929826,1.4703028783005079,2.2215598325046058,2.8977211859809167
9.88,1.8961369430078516,1.283741100292716,2.1763418920393613,2.7205755072452487
9.89,2.012039842870829,1.8237806658977957,2.470338391004976,2.570465185457585
9.9,2.1213025575096722,1.6872746344294374,1.6711921354106716,3.0477163824787508
9.91,1.8423718720013327,1.5478726741988011,2.0604474933505124,2.8267038342668855
9.92,2.218778237905303,1.4670497980531256,1.864719377668103,3.143230677529208
9.93,2.2389158196724654,1.4237101090034308,1.9107216993367133,3.1569522414102273
9.94,2.2803253345058585,1.3109247106905781,1.645376126728038,3.1707807609677614
9.950000000000001,2.4917308115139787,1.4678798063979435,1.679424834245847,3.3318150373794793
9.96,2.924030109888328,1.4953663427139574,1.7383014216541226,3.5729477866703867
9.97,2.8363861494157647,1.2667317418609154,2.065297655698839,3.287339348956676
9.98,2.741040415943254,1.5070188867663086,1.6233871972423062,3.485434775093853
9.99,3.02620171967807,1.4323934091614914,1.2874703007040653,3.9070339788785104
10.0,3.2606695199652544,4.214629019338756,1.2914412947096998,3.006771945078806
10.01,3.28535992449992,4.374332214652582,1.351946731018264,2.723541208145156
10.02,3.246744571842593,4.442453824534273,1.198009477024184,2.9249301659988682
10.03,3.232869008837067,4.793337884589042,1.5027953448793405,2.6929006739194463
10.040000000000001,3.548502871684733,4.590376397011005,1.7418006826751555,2.9751713243235436
10.05,3.5966210234390954,4.301893026994655,1.4792460686708813,3.0802595776432686
10.06,3.7727579764057606,4.579624514761893,1.924071272038888,3.178249836831883
10.07,3.8237762468774044,4.269595920749386,1.8978155312863465,3.2281977211679362
10.08,3.9807875636286916,4.670597993086377,1.7635194443746551,3.221067088125979
10.09,3.8125044747086134,4.433683737404715,1.9257030205780759,3.2712509602241298
10.1,4.194862508893042,4.49124036907625,2.27530256902637,3.337495993133523
10.11,4.094380544329992,4.707664924873323,2.19936983133029,3.3031519122155664
10.120000000000001,4.47297958666277,4.309260196142296,2.146311286790735,3.640041091117834
10.13,4.098999850169887,4.292495134469907,2.171394839873778,3.4145959161626234
10.14,4.556852914694284,4.416534436042248,2.2880927988304443,3.5914368423380982
10.15,4.371007637160876,4.663841598153899,2.2573173045871084,3.5991063625488846
10.16,4.291026018612019,4.273858735337905,2.0624124902241525,3.5401258207718427
10.17,4.369573156431251,4.073691308940667,2.80526955877415,3.646308504048327
10.18,4.441902303558035,4.43672797300305,2.562354048152341,3.8098964636372528
10.19,4.602118376646159,4.5896426495646825,2.66737553196916,3.844969589377045
10.200000000000001,4.6523216911129515,4.688524297856901,2.6582175093512603,4.041328397372741
10.21,4.503829757962851,4.4348979205622285,2.6129283098465352,3.5721559924338657
10.22,4.614462835692524,4.44278605100231,2.7680031900036806,4.006450851486109
10.23,4.979523727559677,4.681455515223611,2.602426858281877,4.166434193878107
10.24,4.922206314186379,4.220433018117346,3.301099619439341,4.523134549610855
10.25,4.717265605562909,4.44627856179574,2.7927402976402194,4.141776853822347
10.26,4.649883026303158,1.4851005711724483,2.8911815750612506,4.185034032980784
10.27,4.65357531410681,1.524559681169083,3.0532023302804983,4.049695880001897
10.28,4.717276374183758,1.3783346228071727,3.4009203608730076,3.920436783734539
10.290000000000001,4.431444147000201,1.4613174626887926,3.2582008587682245,4.105176142614239
10.3,4.526565602023405,1.076664516213258,3.119226241150647,3.919368107096065
10.31,4.2648048651841535,1.3557013341399644,3.5914592376914136,3.683777419576203
10.32,4.557884062681291,1.525213787112759,3.571308859400262,4.085719774633549
10.33,4.551883112785099,1.3062932691793614,3.6051985709601526,4.013775238841459
10.34,4.318141905072309,1.4650596286871798,3.699515197221069,4.016032493143514
10.35,4.592806235319344,1.524201946929947,4.039112271974837,4.128817459375091
10.36,4.0794756089709505,1.403836800547939,4.070273392477693,3.5170292690903664
10.370000000000001,3.9740536944275062,1.4820572007766557,3.666439871652616,3.5701068068563484
10.38,4.174662589877329,1.3092758563961517,4.109285871849558,3.515263571904328
10.39,4.231304393810815,1.4245636031492355,3.9719332460821697,3.7860857240536316
10.4,4.253941110349202,1.549107373982066,4.0562232399680935,4.059593094003658
10.41,3.8248108688584477,1.4800002224589417,3.763557610006206,3.5482195713468405
10.42,3.98548249025988,1.3666362303677257,4.0775467670147005,3.6323626487035026
10.43,3.7151911527795773,1.4902530022871396,4.037938337968077,3.297205058522141
10.44,3.6006445917628747,1.565024536447055,4.371368758560423,3.3687586831635654
10.450000000000001,3.675628309442732,1.1435063625400335,4.476422822675051,3.1655951146702277
10.46,3.541104550420852,1.6327931413986114,4.0278641464440454,3.260639894692473
10.47,3.0830575862143768,1.4047965332987615,4.428534919390732,2.6899531865762976
10.48,3.4751248733991185,1.5209416921519672,4.6807699400270515,3.0400296171779533
10.49,3.3587714762465493,1.6386134548182911,4.532336581350145,2.9982790257316765
10.5,2.9342892829731255,4.2963747206304514,4.747296840610723,3.9863688046747967
10.51,2.9977080972715613,4.397347033756939,4.6202072465235915,3.9591330408471164
10.52,2.9127328991057952,4.461521560480254,4.553304076298883,3.8944443760550373
10.53,2.775109756492297,4.3860164139219995,4.387808627143469,3.4981720789667947
10.540000000000001,2.5455762520343312,4.770047536418359,4.168024993826464,3.185893524989472
10.55,2.4287855440542807,4.374883085343068,4.118203706949883,2.686219223600663
10.56,2.437649537625934,4.420811679626996,4.351975043576851,3.0290288310471576
10.57,2.5378621051204306,4.53668103684173,4.173912897405621,3.0886262852908675
10.58,2.346237296677132,4.322222504689803,4.082754123113469,2.932659498933261
10.59,2.1117263246240228,4.445186867949582,3.970780103066452,2.5475835786583367
10.6,2.2120989084169054,4.553920229181426,3.9248227377577733,2.7438718659310988
10.61,1.5485727009404218,4.454765240924255,4.080372766518643,1.9173918952744613
10.620000000000001,2.1169126635402575,4.491278385034683,3.789211952014179,2.3130312234623096
10.63,1.5797424621322924,4.424808696973755,3.5595351400552415,1.6557386046965168
10.64,1.7347715544734874,4.274602155898446,3.834776734580174,1.9972417381736056
10.65,1.5506588271900692,4.554551457962489,3.614460069798663,1.6258053488437256
10.66,1.4655352763818263,4.773096453290403,3.587710993396418,1.54606046451115
10.67,1.80977488828105,4.508323062038446,3.779870524463248,2.1018853588571735
10.68,1.5013158951747796,4.539863914553429,3.448522087813032,1.8202693971306185
10.69,1.5923370700877224,4.611138528940549,3.4337764958483077,1.4831181547320706
10.700000000000001,1.4946245854968563,4.3119792502571315,3.128573336691754,1.573290348474572
10.71,1.5508279158009524,4.765104083682509,3.2199418099297827,1.5098792217826866
10.72,1.4642313329322838,4.536366907513234,3.2900618888235487,1.3302498775111564
10.73,1.2292137780201997,4.75433071440213,2.871019806872004,1.237128856890313
10.74,1.5870600558972663,4.393749902215555,3.092592893458832,1.658860451211187
10.75,1.3437146334680317,4.782721870687464,3.010896259719794,1.5452400199723582
10.76,1.1755869430116137,1.5742560947345876,2.935824573126519,1.3200276497713341
10.77,1.3670045228629335,1.5403895902245863,3.0331754373276874,1.5467635154262913
10.78,1.6937444082421593,1.4917484607714886,2.8530178151015217,1.9352930144400387
10.790000000000001,1.610977940214985,1.4181723593320867,2.974509377375826,1.6662089203335642
10.8,1.4459909075477468,1.639114286740753,2.505349924288944,1.8022841496303212
10.81,1.4801928667875697,1.4774671819555492,2.624534737111497,1.8970041370549255
10.82,1.524859120842766,1.156142003584151,2.550777543970155,1.7988873538503067
10.83,1.957404844994878,1.2857258756785597,2.2969373723882676,2.404256389264704
10.84,1.7357756480764528,1.4277297762508576,2.5625125229725505,2.0082999172403087
10.85,1.8004443423533945,1.5033324915405624,2.720721925086198,1.9426230158500055
10.86,1.9592535765834234,1.447437961856165,2.272798366838846,2.515109253106729
10.870000000000001,1.8986414070237845,1.641925748264797,2.2927346297502487,2.2445018783038213
10.88,1.8899994615517928,1.1585766609296742,2.1586845098275744,2.6853422561583224
10.89,1.9760582812413703,1.4779593735369272,1.962943670096907,2.8173824714443096
10.9,2.076174181927313,1.1788742102044663,1.7167079264013756,3.0461189140506097
10.91,2.165463109888754,1.5719014307441739,1.8335193345776104,3.1723224156469723
10.92,2.3758995109065375,1.4416637916866504,1.6560632075586297,3.23194204332048
10.93,2.3572121036063267,1.5200451594229971,2.096533746422976,3.118306574771333
10.94,2.5598567425110716,1.3243477085049455,1.7339686556468523,3.586265675033501
10.950000000000001,2.5240290473958265,1.6511494448333224,1.6309097427893078,3.3287995954582605
10.96,2.646950077829791,1.6149005780359573,1.7673403338880642,3.7094820401028032
10.97,2.4110199868505013,1.5450406462519952,1.3734572556801252,3.683191245064472
10.98,2.9807996282039007,1.4363183275602287,1.3660869021005975,4.0159828245488605
10.99,2.9897594005493513,1.5444784772284468,1.4371448893156742,3.8627742585015437
11.0,3.195979900968679,1.348284435284071,1.528749061815009,4.108054263353245
11.01,2.669501607157051,4.635966078364348,1.5079866437836342,2.31483643113405
11.02,3.573741522658089,4.757017890041983,1.5319440600506649,2.817247339378807
11.03,3.314644207444998,4.668756049275444,1.5694865664897146,2.6799699608499115
11.040000000000001,3.6145809403579716,4.394272963247668,1.6874630593777438,3.0645192749221817
11.05,3.3655842286718634,4.560623541273829,1.7203696939742952,2.77411656045326
11.06,3.7272370828864796,4.308348718974363,1.5845024177408589,2.9382239529746883
11.07,3.5516064569214323,4.592791133373616,1.8256532405431876,2.9088238121946777
11.08,3.711078327039244,4.574221973427749,1.7080607195209343,2.7972984116740554
11.09,4.2072820151147186,4.220421637590491,1.9620724227032231,3.530477481778283
11.1,3.9517878160227133,4.328377163514392,1.9356496051541794,3.2175925084475314
11.11,4.097577309052198,4.462346406393463,2.4943990427165685,3.4664783378241837
11.120000000000001,4.278724216094316,4.459644462999242,2.1383584822298056,3.6625705898581344
11.13,4.2899794498850055,4.321105275842051,1.9808079937859382,3.441577938647246
11.14,4.301291709605435,4.564825900282221,2.2536549701329456,3.699013596710832
11.15,4.397933115797381,4.543860142802013,2.425777546335407,3.6767985504258967
11.16,4.783410027596701,4.4758966067773684,2.679664103582652,4.478038839187288
11.17,4.438279705079989,4.3902798547922455,2.3753253351304213,3.794260040114101
11.18,4.525950039460106,4.66541637672592,2.278447585309321,3.6751794861127767
11.19,4.703097001316607,4.757921475777675,2.7357792272783894,4.21647551492465
11.200000000000001,4.74624086835224,4.431787461808909,2.442122059338945,4.147904764557355
11.21,4.787627687806069,4.412178662388886,2.6617713061353756,4.325116182807985
11.22,4.7213401334767475,4.580413007689371,2.7562898110776346,4.19741161706852
11.23,4.4499966807756675,4.450927662862164,2.8523525547960036,4.033934142570149
11.24,4.907037217682731,4.484263070520557,3.0416718774809066,4.808444339307522
11.25,4.462167933195971,1.568842961779068,2.8827402839772596,4.039429369462123
11.26,4.692536923777309,1.164941746273104,3.0150590173548597,4.433461120946159
11.27,4.512652785843063,1.6570710815291076,3.1227985213879803,4.326951729526275
11.28,4.608050412926868,1.467147939004332,3.214920854079132,4.363568254755489
11.290000000000001,4.649290402072561,1.3933247410762015,3.2718130170241326,4.548727566484308
11.3,4.619847031956121,1.442460393749155,3.392413400765572,4.291108143145085
11.31,4.601756492213569,1.4503376611709116,3.5243937349317296,4.270664550644373
11.32,4.753637620124556,1.1921054619617117,3.5160280221345546,4.492764888970218
11.33,4.52066835393674,1.6840032094755721,3.5913362424420856,4.3125191189677565
11.34,4.356669196679592,1.4623671783988128,3.3240849896492404,4.169344317945305
11.35,4.4945014344421805,1.5236118216605363,3.656137902309834,4.339308631687157
11.36,4.468768061257098,1.6011513813373475,3.791622008634412,4.237447477657629
11.370000000000001,4.012216269672679,1.3003669012432149,3.8977236308383207,3.6437837931330526
11.38,4.234775113120513,1.5282576252260942,3.7308694260916986,4.010647836572585
11.39,4.175547440367271,1.4152582317062745,3.8016619593135648,3.9995833248940302
11.4,3.9345605123904406,1.5851754598654098,3.8808891018541796,3.4327822074999936
11.41,4.120513820480303,1.1317223467872826,4.12767035138663,3.812529611886468
11.42,3.7874323683477886,1.4409569920608971,4.274294600879694,3.5075262616266807
11.43,3.7416386792444576,1.3641525459786057,4.1041648468047045,3.2646393689373925
11.44,3.600572942466204,1.5219743914410202,4.384423041904384,3.3260443553682415
11.450000000000001,3.5357093461793117,1.5277349932593152,4.32160797581103,3.2826505161891117
11.46,3.2592621353698568,1.3481726230655622,4.346479366955146,2.9107531088849203
11.47,3.105033337534911,1.3474791825433599,4.3975998500695495,2.42396662540418
11.48,3.494138654956098,1.4391927216731824,4.61946321713555,3.2893140112754296
11.49,2.999810797713441,1.319352819301265,4.616026848299915,2.4388033295598497
11.5,2.8753241500379785,1.5844455615672395,5.0,2.578766321060816
11.51,2.5868241158368077,4.449223351944422,4.4236026456441095,3.4261545674955305
11.52,2.730115059419769,4.062281387744841,4.582130310199988,3.406697102402627
11.53,2.5198356710482375,4.44836724045937,4.345676337792221,3.234366147716971
11.540000000000001,2.898938696756658,4.347167885109133,4.224764335213166,3.5045740391786993
11.55,2.6998033815712064,4.256792521539438,4.299658960688042,3.0783046500731737
11.56,2.330850983684196,4.316843713153524,4.258524185371483,2.9427783016687465
11.57,2.7118913412138115,4.522199107910571,4.64749229572211,3.6556387788324374
11.58,2.4168616356758656,4.708098584381669,4.0752987103185,2.8721837199517237
11.59,2.1191057091659538,4.553269356248223,3.8553897535702446,2.3541017565868496
11.6,1.684855946075727,4.413042195134892,4.01928644765848,1.941502109764175
11.61,2.376964902986965,4.575030197266946,3.5703873123891348,2.5082383142488913
11.620000000000001,1.7077783894331957,4.435518644255026,3.8289591644505268,1.7644089577655704
11.63,1.594944342079233,4.399609823076659,3.7812505543554087,1.6000020774730466
11.64,1.95801037671863,4.329508689155372,3.843100494710664,2.1613392919621175
11.65,2.124373424480805,4.238411498553901,3.8069980559755363,2.326642055422016
11.66,1.8973343308683825,4.446064653259739,3.5003106777181103,2.2293912903270368
11.67,1.713562539711777,4.52961613826393,3.492624770577184,1.7823509110955045
11.68,1.6725645424097946,4.4907848601634495,3.3267157187380523,1.7651407304207685
11.69,1.6740420783924637,4.442093776669925,3.202233020021631,1.5863634463636371
11.700000000000001,1.6245129191044954,4.361316996997678,3.3718099391074388,1.576062229556325
11.71,1.5192605287317398,4.598258171202801,3.0477576182587014,1.445868121323743
11.72,1.4686443676244543,4.304690844943858,3.122740270200442,1.433563671683621
11.73,1.4259200738344227,4.623840279606149,2.962542790147561,1.4582946287188698
11.74,1.3049543593312816,4.352706725530118,3.1495845318931424,1.5439661690679216
11.75,1.378059524362466,1.3413404279768257,3.2887392086663483,1.2653125953285629
11.76,1.1536057693459136,1.2324216631245513,2.7164314708692068,1.543897909948639
11.77,1.4201583837386247,1.3796160854831765,2.5609909266233073,1.6406588840282412
11.78,1.2925059973205901,1.604774539152709,2.777975244797366,1.505963521176302
11.790000000000001,1.296058880236841,1.5346852872708752,2.73559310724844,1.4350147930682675
11.8,1.5311830240572433,1.6052486759847249,2.703401822655737,1.7135743417674307
11.81,1.760852532838077,1.535678563269915,2.5294100879732024,2.135431694300914
11.82,1.724716936390195,1.287786791317787,2.5041981616092794,2.301811548251688
11.83,1.3695342363717034,1.4056298742543372,2.5316697239946073,1.7589538908119198
11.84,1.5147043658645454,1.337107196372817,2.5762582759381596,1.9692740390349548
11.85,1.8827647213495635,1.6589423130738514,2.0215196936301814,2.614014059284483
11.86,1.6348312634628361,1.2735887269329476,2.2153010365365677,2.1844470517288452
11.870000000000001,1.8239460994945556,1.5923305265195973,2.245157641712046,2.6334398721072887
11.88,2.0204108428385004,1.5922171144910557,1.9949013399906326,2.714475911978889
11.89,1.8516266918104791,1.7350330262881002,2.3623569106458793,2.167240578544566
11.9,2.1046996406107383,1.3936001906709703,1.9103652780446505,3.0420261511115823
11.91,1.956441842881099,1.5646757354875689,1.9420792941066085,2.8148374117709154
11.92,2.16168916388735,1.8039554460547427,1.9743157185078632,2.8513708648738185
11.93,2.4003824378959315,1.361892746968183,1.7215235025802458,3.464953727211789
11.94,2.1850065695443197,1.2220146399836767,1.4510897632396302,3.5154870250391097
11.950000000000001,2.6080356759648238,1.1694162141396596,1.6173928288540926,3.6946998654756498
11.96,2.631110246621024,1.5647351798542477,1.7902597650358016,3.4432326581996406
11.97,2.8221452563475022,1.1689374237535664,1.501683584416686,3.88259203331033
11.98,2.869195069363583,1.3992977150428634,1.3530870612757266,4.119776000122336
11.99,3.153786518336514,1.5227444139053754,1.5772558080271812,3.742593496235391
12.0,3.0553026222353354,4.533751506140959,1.306632741421722,2.670111788894226
12.01,3.06711325342521,4.570385985149164,1.3426757030767758,2.655562841588635
12.02,3.2568453820293986,4.539410421301778,1.515791267615521,2.8396754448611716
12.030000000000001,3.424713365896425,4.700509260518141,1.6826458238078081,2.717831552233469
12.040000000000001,3.443837243355881,4.360315203492419,2.0111881957592432,2.8118071262665434
12.05,3.5397409326418523,4.402294137640588,1.8225747351858503,2.975451126511053
12.06,3.5153206119355316,4.387707956048702,1.9422643420530903,2.9954580242336046
12.07,3.6145503657093365,4.632098787701354,1.7354624797663598,3.074418648917118
12.08,3.585543978260452,4.6428033945250125,1.7158734318269582,2.820669451791436
12.09,4.180774901667357,4.574316797096078,1.9590089349459232,3.4994903815019693
12.1,3.782034084286817,4.685967625368156,2.031684709727027,3.321617065215288
12.11,3.950847251299125,4.325898413557472,1.9033233215456096,3.2663082272346315
12.120000000000001,4.022690732082792,4.759723243764018,2.116237399915547,3.106426114432762
12.13,4.354330129409509,4.737769407778906,2.2754652574975127,3.408642030527609
12.14,4.229506336618806,4.617679486134479,2.3344562377308047,3.474863607960969
12.15,4.540221482663159,4.777192756205919,2.4233153300264556,3.728484584631578
12.16,4.287468310763712,4.252927739803437,2.453813779800508,3.519168141463403
12.17,4.49253563540632,4.425553369317173,2.3887946320658546,3.8536475789980744
12.18,4.3588936447470505,4.393403718584526,2.4530188991374122,3.5867492169420507
12.19,4.879509787206478,4.615523116527355,2.406448553714186,3.8383497541711336
12.200000000000001,4.376630633067366,4.345399673238378,2.95926694551709,3.9817180242704144
12.21,4.6462373420778516,4.62101454159067,2.735225931768615,3.770723423631835
12.22,4.720541744341524,4.714486470352095,2.7616432100995336,3.987803061580864
12.23,4.700925373760451,4.611516682988493,2.7119869844886217,4.284276551303908
12.24,4.613892527301639,4.548781562797883,3.408694128439282,4.2084331847249885
12.25,4.626013356900277,4.354893742813304,2.8190738274432694,4.044779977205161
12.26,4.650819170022151,1.326944620272855,2.9897164084940693,4.143255896928178
12.27,4.610534363783465,1.646598744840762,3.1930675484711104,4.0560315624083305
12.280000000000001,4.773748263630184,1.5748954899125533,3.288540358727142,4.1391285991567015
12.290000000000001,4.952596227721701,1.4501167475848713,3.4123331818931826,4.515872974223632
12.3,4.478192443726892,1.3923464159699803,3.61649984240803,3.738689484785423
12.31,4.3129629820637,1.1471860446104825,3.469224753917699,3.9182408507756428
12.32,4.479307032707461,1.2927905457517928,3.279351498845434,4.039060142489465
12.33,4.8633693743517625,1.747505111609788,3.475252859876942,4.399243443217552
12.34,4.266485009954451,1.260831816902784,3.6328739780708794,3.725792609112432
12.35,4.603304021967418,1.484956626601999,3.9858296250258975,4.20207496368343
12.36,4.547461972992041,1.6096737134017562,3.484914836099327,4.076838120031654
12.370000000000001,4.1208560531653635,1.2647248839425034,3.975104091581332,3.5777923086873926
12.38,4.230194807391982,1.4842294321491618,3.873376281466314,3.6574065087140992
12.39,4.324999185735443,1.5990725349425383,4.04621398694665,3.765882035742684
12.4,3.9214138302080377,1.4579719571131022,3.9580197037706077,3.615042069814416
12.41,3.865961247593433,1.8934189054853658,3.902400449868573,3.483326257163591
12.42,3.717862160130284,1.2016505558478288,4.228057949470049,3.1837679569066153
12.43,3.5578375625990244,1.6174932009582617,4.277651965248185,3.166053655118552
12.44,3.5238171798099995,1.429718630556562,4.394894545189874,3.2109504048681687
12.450000000000001,3.3359212164960566,1.5737627942902794,4.299260732894104,2.9665077795326615
12.46,3.4414555219451732,1.5233533839146474,4.2687883397029776,3.087362041794927
12.47,3.213037754403341,1.3442799525630855,4.177467093003979,2.8738574930268186
12.48,3.2748153002142097,1.490981819311553,4.631350737963471,2.7767840207895222
12.49,2.8855433911439836,1.1727871662739302,4.632088577258479,2.34603560701932
12.5,3.088450612019188,4.5974960079808636,4.470400285561691,3.8259948648910176
12.51,3.0682615316530963,4.5509783023874775,4.474845566097793,3.6933064531274264
12.52,2.51174997267203,4.602895468075847,4.421228116834951,3.3467788949980024
12.530000000000001,2.793385016983981,4.666851326263325,4.189851383452103,3.4380547305469302
12.540000000000001,2.832153576976051,4.561569255813513,4.233195266966995,3.4484961855748466
12.55,2.3420668145139767,4.528096891001972,4.116194152662542,3.0296980332831094
12.56,2.711356857108071,4.371178575042482,4.168695126662554,3.1817231486975794
12.57,2.4163776623549147,4.396923196452201,4.050048733927904,2.9308658482692564
12.58,2.1449835885971296,4.686461781807022,3.8395707148867064,2.5605579345048373
12.59,2.162473694022786,4.724519052115182,4.37047532522665,3.165808724515976
12.6,2.1777072277213585,4.469212010949075,4.1793177672283,2.9719925343020757
12.61,2.0199570276979624,4.51253147487687,3.782060128923189,2.461634967569466
12.620000000000001,2.0185901144481972,4.367588450341523,3.888489674024868,2.541459379821308
12.63,1.7117569494763836,4.684330554708014,3.84683603028629,2.4670762967438504
12.64,1.820488395550396,4.6069751237210514,3.907876552993918,2.3295208057998265
12.65,1.5032641472904242,4.80149970695401,3.514191820333668,1.9002115788126632
12.66,1.6562869178164292,4.371597151778666,3.761005293332196,2.3122119067985105
12.67,1.476976984240596,4.447881486919042,3.427717061322652,1.95876464525989
12.68,1.4581467386508569,4.5408064702187065,3.233633838070368,1.9051597616269889
12.69,1.7357227995990636,4.604089232009283,3.5048371916583507,2.123581326507038
12.700000000000001,1.678086819577718,4.472633921890743,3.532059141497491,2.084463482241228
12.71,1.5721196140713676,4.372414707612032,3.6786316653515425,2.1839390911311947
12.72,1.275787939179744,4.639907779103713,2.9944743411018893,1.895888434382475
12.73,1.3850096274705548,4.615470671881463,3.2393163833349976,2.0048635238069776
12.74,1.6220092782109252,4.3658106621555,2.9928281718721963,2.170749632107749
12.75,1.4461414854904393,4.712185149749084,3.1224111681719338,1.8998310737932451
12.76,1.8003138739946514,1.6344893443654969,2.6888370730463205,2.12824172084824
12.77,1.4994046887199586,1.4765426840236286,2.65742317288656,2.1923357907574794
12.780000000000001,1.4828038808472774,1.4682026432325195,2.6716196893031063,2.124302851281831
12.790000000000001,1.4241135571998156,1.5405447593002024,2.7459292697809516,2.201322372369026
12.8,1.5237117178096624,1.3246800819607771,2.5629411767019743,2.171495275426607
12.81,1.5119115174166513,1.46064512998151,2.710001386743458,2.39983915593916
12.82,1.6908352142127467,1.1278867281663207,2.7047472717469363,2.57906519048339
12.83,1.7768737097930387,1.5897015879789933,2.5695838344785202,2.459594901983218
12.84,1.5475272430483624,1.2179812872261782,2.670747665878423,2.4345950738974373
12.85,1.5165586825897446,1.6852964208743142,2.408862923055252,2.3057622864167193
12.86,1.4972273419744635,1.4057318982722906,2.07676549480606,2.6289327542423386
12.870000000000001,1.9420319351149955,1.4237927472957477,2.4329689762908813,2.7125228255584406
12.88,1.75390960572804,1.3603539589712188,2.046008478855955,2.7936326078298546
12.89,1.6606992454095169,1.4121481295462988,2.228266188676617,2.563379621428018
12.9,2.1503468658633875,1.6723532566633885,2.271285556181277,2.5256291772062323
12.91,2.5732891647588705,1.0767436032531836,2.0234371974664676,3.150308888862433
12.92,2.257640247019907,1.6507683327258946,1.6390393977351803,3.046085115796703
12.93,2.4839889358797196,1.5076054584342673,1.668111540787164,3.1676141606969694
12.94,2.454957807290083,1.2720284750263084,1.968878965207185,3.14802685492046
12.950000000000001,2.521099876192322,1.2921105220507088,1.659794003351586,3.2688597043126415
12.96,2.782414037147248,1.7116700869990615,1.6350746551528417,3.2663497106156734
12.97,2.686306838186935,1.3119023007076585,1.6806974399531174,3.2931667822857023
12.98,2.8762029668325004,1.2802118506281597,1.6051359635508358,3.432389417792356
12.99,2.985763592274288,1.6294754113230638,1.471572631530735,3.6127462197834412
13.0,2.9274345773142,4.557137341463795,1.3265819701561552,2.6760717638350533
13.01,3.296224984264101,4.362509406224284,1.3749411403846143,2.8690652612027754
13.02,3.2089328797646,4.538546682495642,1.6315335361072003,2.806079561150928
13.030000000000001,3.2153310626029343,4.349118182521375,1.6471637966178845,2.92306839688092
13.040000000000001,3.5224375806072588,4.673362373099474,1.5800377336916547,2.9504411201157192
13.05,3.3883814713107028,4.667347264572527,1.8642152922930646,2.6073396187658675
13.06,3.633011288793135,4.586633664450808,1.7316937447516898,3.0585709069024687
13.07,3.7199282050759104,4.560660705541087,1.6789841867684308,3.1468422297484073
13.08,3.9866453748359785,4.774050177256802,1.7594779601746153,2.9707176832275914
13.09,3.975287508126829,4.5054694918515485,1.7889231250375488,3.020917613295032
13.1,3.978488481796682,4.325313946897047,1.969670604453114,3.1463809650284866
13.11,4.194340216239731,4.574049755668608,2.2810864694919983,3.1719625117326937
13.120000000000001,4.3625613618935954,4.823582248568153,2.013343330440338,3.234630842211326
13.13,4.299993428985236,4.350794342393176,2.241018841847477,3.120719067485091
13.14,4.278715553794079,4.450404165570929,2.1682897182284586,3.1723364233736944
13.15,4.127663681892342,4.569013911115179,2.298398841200166,3.390265790366151
13.16,4.224345749006423,4.497298308087693,2.1595733241856117,3.2335391313784436
13.17,4.398370104197005,4.3557429784490935,2.4355969151152186,3.5032097794387274
13.18,4.395294144518647,4.676569855637739,2.5053309949020792,3.4419804041508635
13.19,4.503614088232123,4.859259862423074,2.690597852976892,3.299774299239255
13.200000000000001,4.577180996920479,4.535421983625751,2.7041568804653053,3.590129235894066
13.21,4.681676745044769,4.367671713357791,2.537240418270131,3.512907334427254
13.22,4.607025226234022,4.269343344450099,2.975510272877666,3.5811741911949
13.23,4.712643711341262,4.5448515761382735,2.8980873519283783,3.6799577951584292
13.24,4.654149663265933,4.6738283208352485,2.961491872751102,3.723347709101471
13.25,4.328528572691826,1.528516195426728,2.992929283474038,3.613983051307744
13.26,4.4923536493572165,1.4556996337511452,2.975190760611979,3.6997690925991895
13.27,4.6110041198333,1.366218397279269,3.1607135405659785,3.712962255965014
13.280000000000001,4.423407408816605,1.2895411704288906,3.268179749372055,3.424388282381415
13.290000000000001,4.692997515965488,1.5833428237442757,2.9704302820226793,3.703312837753612
13.3,4.814779443233592,1.5953912502850272,3.233160304763925,4.024163344373578
13.31,4.7301928874148755,1.2203847786017974,3.344878816657236,3.7398020438270962
13.32,4.459133368317325,1.6984729697178422,3.493733212103478,3.8021666819644104
13.33,4.687844947723214,1.5435962611870675,3.7121893489676894,3.7987078685598963
13.34,4.419985346597924,1.6694659295694312,3.4564980433692587,3.5577615955828525
13.35,4.2847758215309,1.2514285022297993,3.5665770974279756,3.4915524675863945
13.36,4.178177466161788,1.247815450444047,3.629546591334255,3.4126883834566533
13.370000000000001,4.161331829456671,1.4333524217662406,3.6476823500325533,3.280661433976432
13.38,4.0759179166959765,1.532726981337372,3.7872608528912166,3.41677392876889
13.39,4.08999907399007,1.7299618837186634,4.035263194639711,3.509863783953248
13.4,4.008404001627641,1.5637238118340564,3.8025121300000375,3.309089228891002
13.41,3.899265688739955,1.419063918413267,4.109927840378516,3.307270559956727
13.42,3.88204516174722,1.2995730147345013,3.827334320850649,3.351485562159411
13.43,3.9133087009376966,1.6436074874842732,4.079024951841689,3.2431171247887325
13.44,3.781519974296951,1.3089750493138352,4.182253621946771,3.1772254840567395
13.450000000000001,3.2938595474737906,1.7043629200844808,4.575065617046472,2.9202015520434235
13.46,3.0243159152493075,1.4127052984760748,4.321888636508398,2.742925547963927
13.47,3.4877390320611337,1.6985862712276907,4.0725053699447304,2.997679644166556
13.48,3.0168170705596626,1.559584544189876,4.170915418445833,2.7647119456391045
13.49,3.100097548387194,1.43517810078307,4.568394976493101,2.9885794301188033
13.5,2.8465176043867264,1.3768724599729616,4.728460810127113,2.6143648640947
13.51,2.643465009700208,4.453538222134136,4.62417570395815,3.283988567860156
13.52,2.9203781683057626,4.57082386014028,4.5248619946605775,3.369044255525582
13.530000000000001,2.855455955484388,4.517281566680232,4.622019756828945,3.5138007824034445
13.540000000000001,2.5413524394630143,4.414977373817036,4.278628584190496,3.1813650787997556
13.55,2.1194098751894703,4.480263073461158,4.447640949452721,2.9528656619294544
13.56,2.3537236516689886,4.517498159057261,3.9694527018829664,2.8856877333924364
13.57,2.411991095176588,4.180943785129887,4.0228874830640144,2.8488948303691424
13.58,2.020244930282896,4.575375382882751,3.8101571449937843,2.509450087851646
13.59,2.2010169701122377,4.3561367168229355,3.995130379578688,2.963913152165996
13.6,2.085247340722951,4.32966577629974,3.967125198574357,2.624688588906335
13.61,2.1010776597744485,4.2482436090820626,3.9279743085678303,2.789358608026358
13.620000000000001,1.9510265735133285,4.231997939960419,3.8540928913862067,2.7200710132186376
13.63,1.703311765589067,4.298848769958142,3.627092816984581,2.4207971052840884
13.64,1.9860562069585863,4.3974110790617225,3.6822014523095357,2.7102873868260113
13.65,1.7055772903341073,4.803335735920614,3.4032856487632235,2.4956688637909004
13.66,1.6698135516448103,4.425335098807176,3.8053000483829194,2.658522266023703
13.67,1.47224463124375,4.532619331747158,3.4676263312681463,2.28519553890691
13.68,1.5052517889659707,4.566579739845066,3.3720091105786087,2.2408336246001674
13.69,1.3938726823316214,4.525501162555592,3.6461250403515373,2.3216678913952618
13.700000000000001,1.4743115537765004,4.493709315741297,3.1182278956429283,2.3377269128115614
13.71,1.749834045276038,4.32326782033333,3.0719369537056815,2.38318414852308
13.72,1.230723341535232,4.72674395342352,3.0113845244926796,2.1394809032924362
13.73,1.1759319967862636,4.781065213814554,3.1140414202857745,2.0199803235667204
13.74,1.6636059253764044,4.248958042580169,3.1302977860789736,2.4113870681198293
13.75,1.3895600815013212,1.299929894562732,3.1152743915252117,2.458838391232532
13.76,1.3186373925699684,1.4134027548015307,3.3492805295451094,2.2595546534506346
13.77,1.6036228122660663,1.3090006084169297,2.4962265497823903,2.5914936329276497
13.780000000000001,1.3542347428452635,1.5332120158421612,2.8978312686394014,2.361377537778252
13.790000000000001,1.7682573399985466,1.3450246277299391,2.6420069195500524,2.5821338213871705
13.8,1.6114567436737388,1.7861777909162282,2.571872287359466,2.5605591725982135
13.81,1.457844393600622,1.6375921434137404,2.5010723238113286,2.4328416713682754
13.82,1.9244200092216475,1.4884778597914352,2.3885069257206757,2.7145781331967567
13.83,1.5250402655603568,1.6126533763709037,2.7468377670999606,2.370107383235654
13.84,1.7938269232172337,1.6246856203856328,2.5438880825588193,2.6052310504637943
13.85,1.7793699539122887,1.3700796373086221,2.344716648516913,2.7315775880325885
13.86,2.003007677538724,1.3316154221710748,2.4962997758261984,2.722593226054845
13.870000000000001,2.1118403132004877,1.4679808262453022,1.9631161464878364,2.9789533667438857
13.88,1.9369108684445426,1.5874420176994772,1.9274714809172573,2.882875983179492
13.89,1.8862689759952063,1.4772690482581454,1.7236991849097036,3.0098866331590832
13.9,2.161854214998625,1.2156174655511742,1.8999084772932586,3.1468694350213773
13.91,2.062227183118858,1.3336574567391957,1.9752431087345907,2.9429655392964547
13.92,2.583140433991291,1.444787321773102,1.900279849356336,3.0403282901985764
13.93,2.3708463946310356,1.4445292252633413,1.8425238460610922,3.0862483612724563
13.94,2.382885155469931,1.7568247054562431,1.5222424935242018,3.196936577803551
13.950000000000001,2.566806232760213,1.2447410262588658,1.818640427332388,3.051417995758257
13.96,2.417143074311118,1.533154638646766,1.661223573302855,3.306483704019645
13.97,2.5764872156326923,1.6831150386605414,1.676487228316748,3.2136760825008737
13.98,3.026589198847449,1.8023999071228856,1.1821425997419028,3.5279845695897984
13.99,2.8280322199947245,1.3944066438672937,1.4769135513833191,3.5419155566591654
14.0,2.8663755489420666,4.5804468241676375,1.1666214158911232,2.7040249978102313
14.01,3.222824404853324,4.5923901375626865,1.3611106091543594,2.9127388010470168
14.02,3.4282473308038166,4.535322918016147,1.5786759814710134,2.9246837584821823
14.030000000000001,3.453025825234068,4.490446137614453,1.571606507413623,2.910881123223394
14.040000000000001,3.5965067822376673,4.571991601283681,1.4829534109120277,2.8890876460901547
14.05,3.4112165833061363,4.119419279611524,1.6884494070930036,3.1401493020937408
14.06,3.3992987913412285,4.609514198364126,1.502559246930125,2.8614380601254688
14.07,3.963385895607063,4.524755986081762,2.0060506639394973,3.167757991376927
14.08,3.7596084562812853,4.471596001661249,1.8499368626170007,2.8725522058293387
14.09,3.85834497269878,4.817607633662347,2.1315692987104073,3.1511887919291195
14.1,4.196603286146304,4.4026084018292035,1.9281533199409102,3.2917622391301093
14.11,4.152185289262216,4.444059291099424,1.9939864555247075,3.1675704515955916
14.120000000000001,4.211965886212045,4.809174545174741,2.020026764582925,3.17241498640796
14.13,4.559043762213472,4.3786508025545,2.353371954256665,3.4077353507340296
14.14,4.173323380627547,4.421639833801095,2.1596729922410924,3.472784591562902
14.15,4.488659066125894,4.483099975880357,2.446238167211334,3.2065186603448526
14.16,4.405212323364886,4.633706255607631,2.343793841570213,3.395906111290856
14.17,4.490859039650418,4.537201498221872,2.1488032624512226,3.2599921978384523
14.18,4.739898013243014,4.308427424791493,2.443802318428314,3.5481794809435074
14.19,4.615604439053561,4.424376216082434,2.4096904460677244,3.4340142664146973
14.200000000000001,4.654813659190227,4.412912434127103,2.6732171020446933,3.526405425448437
14.21,4.769168653430578,4.493743228002025,2.5385448727885205,3.5644652990829457
14.22,4.559564566634744,4.570446790358504,2.949660469335615,3.4270326110947096
14.23,4.498962988263636,4.569282219787869,2.848849388330429,3.6333040410998323
14.24,4.475353177457222,4.234724262713803,2.900064354545285,3.3783866578065918
14.25,4.329996936468658,4.6677391225064575,3.101586238303323,3.621958903560271
14.26,4.975181009353125,1.4945759716063658,3.2172585919416603,3.7144490582176672
14.27,4.456411165489808,1.6671692967869616,3.121846303139136,3.5191492706210092
14.280000000000001,4.582726267532911,1.523794208853392,3.064484871413924,3.696279131981399
14.290000000000001,4.551682533344016,1.6239876823395893,2.966007062880383,3.5548653390634084
14.3,4.617598460436989,1.5272015106971235,3.2090968867469636,3.7224470089339308
14.31,4.665232593580099,1.6613286385418813,3.285693503914745,3.629712809026459
14.32,4.632229292177451,1.535695044041519,3.4693717588939004,3.7341571038179673
14.33,4.353585261029437,1.4411367654098362,3.4608428436358705,3.4587192871993646
14.34,4.3690858348953405,1.80255008878461,3.6949731477469143,3.4992434000520616
14.35,4.384654777892083,1.5916199179296076,3.5477854013291945,3.613174702613572
14.36,4.236962379861268,1.5435464331718696,3.7039630317116,3.429535824835904
14.370000000000001,4.469159561482844,1.2614647540435775,3.9720670921174515,3.5806041850064445
14.38,4.21762130593673,1.2596345952914483,3.899828565444686,3.320548225379232
14.39,4.180980084757382,1.5006972319241423,3.899524236593541,3.567151384713277
14.4,4.089366865504054,1.4782541428274545,3.8763401093195116,3.599704041588672
14.41,4.08791752001341,1.3624293149661768,3.9365788302916855,3.692015906583486
14.42,3.8407960255026805,1.477562146403016,3.9664141820624055,3.34372523823553
14.43,3.5123721314154785,1.698288165332726,4.082346562841648,3.2276442789985538
14.44,3.6928914752134854,1.5620959478264578,4.359541511471892,3.0691172060152745
14.450000000000001,3.428211316254661,1.2820936670705203,4.265183252842759,3.1486681525312026
14.46,3.3507584192523363,1.4390641173848648,4.146264625415897,3.0773990174694754
14.47,3.4316548257343396,1.3333308548929472,4.721010626715376,2.9660237064322965
14.48,3.436722102693898,1.3969525554415616,4.549759635637981,3.1525978171555464
14.49,3.139754266297394,1.3930011148591281,4.33297512680471,2.831446017276285
14.5,3.084896998355631,4.432689474405651,4.555998277577674,3.5635620201277827
14.51,3.20827802500059,4.314143617215354,4.580951502979202,3.715375785992053
14.52,2.871909219398978,4.486053482454778,4.77597390901553,3.4853457720981567
14.530000000000001,3.1524381884633557,4.420040037758364,4.25109632316378,3.6133562466273577
14.540000000000001,2.7254254478320137,4.058856782320902,4.526245886369903,3.1527192893590796
14.55,2.253235942351643,4.81853921488716,4.530076343299504,2.9956421638608313
14.56,2.563193457548313,4.671524812829147,4.133377354926081,2.998331994124423
14.57,2.4102752133921435,4.448141784120395,4.1253949344281455,2.970455580481068
14.58,2.4665036213604283,4.508386706974703,3.9360759845436597,2.8588653798693375
14.59,2.279967339456123,4.326872182609089,4.006792810640148,2.626026281071693
14.6,2.0653984076189245,4.76406852356231,3.9687052438466157,2.5883841948789206
14.61,1.8103715643714389,4.794801779328193,4.01710363189137,2.540377742027081
14.620000000000001,1.898061603120328,4.529408811922959,4.022092056848042,2.450473673484602
14.63,1.7230643686057758,4.661577654072653,3.6564117584340208,2.2215796020785894
14.64,1.6996205923497092,4.532243741926745,3.3918692228181135,2.372439589480684
14.65,1.825997604691791,4.301703370987786,3.644461042101427,2.2594597860680397
14.66,1.9433730005624097,4.442725555708387,3.630538549361252,2.3920861550994124
14.67,1.6862844963341805,4.525632712914181,3.557980196451471,2.1803836068378635
14.68,1.3839461290568442,4.43621126479834,3.398510738424816,1.974649255530146
14.69,1.6081488229584697,4.472178693739128,3.406912386208675,2.2770292757686192
14.700000000000001,1.6950627218453107,4.491581393961735,3.5687674179778712,2.3694934422182437
14.71,1.3756515566207572,4.493185566840994,3.318196497160389,1.9458726029938664
14.72,1.4302478842508126,4.513485304053005,3.1294808990709044,1.8485167022656297
14.73,1.4383764274618078,4.343804150561773,3.043409822493531,2.0879871611652403
14.74,1.2999684016026305,4.396192031760491,3.0320299690032977,1.8616883248678882
14.75,1.5277903771988381,4.309653469051537,3.2618328559769854,2.2000890819159578
14.76,1.406985178209682,1.6051561918727337,2.8991323432547693,1.7615877447351602
14.77,1.503630009572456,1.135012777553915,2.8604950499048245,2.1100951445185796
14.780000000000001,1.3088013190423637,1.6319570243316435,2.7195804397852967,2.1929728685058363
14.790000000000001,1.403427170870863,1.6674463927402003,2.9125755534009867,1.983005216523393
14.8,1.6186221652988109,1.4099919063780675,2.9878678428614265,2.051739127120143
14.81,1.476392930342388,1.059159182296302,2.6759471618112145,2.2189668289641498
14.82,1.8550562694112296,1.4009762078235133,2.550500804855832,2.3994595257001046
14.83,1.5582564365662734,1.4462798302554762,2.477636902240569,2.298634184941308
14.84,1.7104296706712177,1.3019776575807231,2.016739646833603,2.577445231562412
14.85,1.881446195668306,1.377509486969617,2.462666472857561,2.415720302919625
14.86,1.5645755464365658,1.6893789301022522,2.2974962656268714,2.4855379337508903
14.870000000000001,1.5763423237234813,1.5574492990047704,2.28020714472886,2.4749391770046794
14.88,1.6858441306292162,1.3150954977499094,2.0286406773815227,2.694213110011818
14.89,2.211212088310641,1.21247612109601,2.0167151257561007,3.126343553433481
14.9,1.9987654445186283,1.406204986521039,1.947024306496886,2.846375606579957
14.91,2.583798189992125,1.4235198523045023,2.115733796862033,3.049151623691352
14.92,2.1676722448584798,1.5317229130193262,1.8215951440974547,2.973952741651898
14.93,2.378585702242173,1.3744450448920542,2.1583809328209105,3.0274837710515823
14.94,2.690328668652219,1.5340558023195223,1.8231671860385117,3.228547981732729
14.950000000000001,2.8603850491506497,1.7511240406012734,1.4790090856543867,3.4969774302257397
14.96,2.9665526541888023,1.5804076806647085,1.6010729499734804,3.531446403415243
14.97,2.9278606679626824,1.4487339757909985,1.4502562086983561,3.895816859514279
14.98,2.998164540678994,1.4281407326613649,1.13286519863359,3.706979940678936
14.99,3.029416359374067,1.401683288301912,1.6873380908507793,3.605358146544001
15.0,3.1605764432569283,1.6360814938095267,1.4755496400180061,3.8945298210451127
15.01,3.0474844883427865,4.409869232394838,1.5131366145157212,2.772370499660445
15.02,3.1052543484333577,4.512412540448867,1.5183967117955033,2.819064682143372
15.030000000000001,3.3365996331350622,4.513323593393423,1.330936061441994,2.8349785504508285
15.040000000000001,3.408531194474457,4.429008998754961,1.5430630316559752,2.858140478522416
15.05,3.4601461080838987,4.296253985135548,1.824950979140417,2.7711793623260377
15.06,3.740714075990021,4.554762067129857,1.5810310526734772,3.0310746869755913
15.07,3.87537597095694,4.49621588666555,1.404495647137803,3.0155603367821056
15.08,3.825868212786681,4.5817902624270745,1.8463716818337965,2.966677460875103
15.09,4.136925892470874,4.424157914516915,1.9256657845484426,3.2133218695478623
15.1,3.798502707528012,4.6916590649005006,2.036323515474954,3.260040254483359
15.11,4.031316648747208,4.371833376898362,2.198548187583868,3.4864440206563287
15.120000000000001,4.022946196589727,4.76655648023053,2.249045494239464,3.191025949273584
15.13,3.9092324848599773,4.239050708790721,2.25250317463965,3.2445617670743374
15.14,4.263720264954134,4.57180782230609,2.470897421979325,3.374749734299938
15.15,4.319484493046361,4.578007450747537,2.0927643672622875,3.4994325623185363
15.16,4.639963605264391,4.384216696942595,2.4887136025902343,3.9603146611027222
15.17,4.549242266729389,4.57022574772415,2.573988575401602,3.7404802122009833
15.18,4.328456083802902,4.700608803210743,2.334463478358668,3.3342916542150816
15.19,4.832596725530811,4.167513278727119,2.3567955653860495,4.082510885258698
15.200000000000001,4.764858633787748,4.582172105256902,2.5458094690920925,3.933231384540381
15.21,4.690123476489816,4.125361937957308,2.6249487293327722,3.848787005462746
15.22,4.581883209374586,4.358279935322017,2.921469085773394,4.032266756875256
15.23,4.479584152837692,4.753920481771429,2.763328310660383,3.8553149743399717
15.24,4.583764541078303,4.416811523348008,2.7891727427521333,3.9106373904134215
15.25,4.822424725728968,1.277081672286028,2.8945034174816895,4.179009839839832
15.26,4.94751883172828,1.425886081615218,3.24253694952476,4.3320408575780744
15.27,4.882971420000822,1.7713651231052694,3.127260918421258,4.321258043950166
15.280000000000001,4.53959465722647,1.1767848754121302,3.1611949488576463,3.8861562371889264
15.290000000000001,4.415837726770365,1.295770241795373,3.2378582259347457,3.7315102190825553
15.3,4.59075837085233,1.684383393049032,3.5322718418793664,4.154548389520145
15.31,4.248709995395584,1.7393147822924933,3.264134542560641,3.9893185014841843
15.32,4.5456253042861725,1.4402957301562531,3.666803159218363,4.024873057450778
15.33,4.423775943217592,1.2671446181777495,3.5516213905779876,3.894393888630957
15.34,4.320906168992218,1.7756247739162727,3.5563730591338834,3.8967338933243685
15.35,4.082070656238424,1.6991748639612683,4.0565180809686785,3.6324591198953455
15.36,4.359829960788291,1.5595869376588039,3.540816415341467,3.925429868615642
15.370000000000001,4.124222725181225,1.3321970890633166,3.720848785066891,3.5808639234219344
15.38,3.949915542935901,1.4485905244992685,3.6426334473239246,3.564362683672711
15.39,3.599574256197376,1.4316156417292332,4.064941968328371,3.1971366122211844
15.4,3.978087469780678,1.5065118983372816,4.2506554364042435,3.733182996907938
15.41,4.184429678576249,1.677304054806829,4.312858063397682,3.821655348219391
15.42,4.079383604837369,1.59015311954734,4.3053470282006945,3.8122568918602364
15.43,3.6477223605450884,1.291795866881662,4.138447527215238,3.3559463786068697
15.44,3.5314032860149576,1.665944088667814,4.176412669641488,3.374297329300935
15.450000000000001,3.6087562297886135,1.503810211980482,4.028405994503872,3.3916874339670477
15.46,3.2750401788455847,1.5608248330991614,4.699396725748424,2.978984863678801
15.47,3.3857869390913304,1.679673390102715,4.508754461388213,3.054998050014894
15.48,3.360611539701641,1.2865806691937292,4.417111362876831,3.020383150253624
15.49,3.334085151445493,1.4506037358898562,4.779807484470859,3.139846860698561
15.5,3.018975665266176,1.3750339184918392,4.46925961597778,2.6437564546404975
15.51,2.901083184779298,4.266461780771617,4.629267497264729,3.9244799335297773
15.52,2.6915892165063697,4.558381075569722,4.469281734172107,3.3700019184971888
15.530000000000001,2.5998156719043806,4.888460770900554,4.536479150171044,3.501104343879081
15.540000000000001,2.5977711976615696,4.224955957252618,4.356398266246758,3.239104971387745
15.55,2.5962517881432556,4.500595410968867,4.064388147592816,3.10293029354696
15.56,2.5890217362358916,4.60318253829025,4.248431475865491,3.343500741719875
15.57,2.219381422187679,4.524283366587159,4.342092718432301,2.845492690021805
15.58,2.4992132100137203,4.488268394741379,4.100610398120356,2.898955993641102
15.59,2.1277624338205525,4.307422475675815,4.166668310574599,2.535575403310584
15.6,2.084270989948699,4.5410109085374595,3.8038691294515328,2.248240342826992
15.610000000000001,1.8872693019422275,4.390131578757943,3.9050425336804446,2.047179314387336
15.620000000000001,1.5410086256089104,4.171614353614666,3.7419528800367807,1.6607974276533102
15.63,2.0026450601590877,4.687659850231936,3.9006708690438963,2.4660248618672056
15.64,1.9119564190663345,4.6516448560489625,3.7184271208866235,2.1642899748054125
15.65,1.6857844728390008,4.513394199618755,3.76067313311771,1.8212460080596466
15.66,1.6850122442049378,4.540444922055771,3.7602870356634654,1.917252210950887
15.67,1.7058306577149875,4.669321334078711,3.630225038930583,1.8479452269216543
15.68,1.3248467078860078,4.539722959700658,3.496502074044542,1.497912878012346
15.69,1.45121316395276,4.6433551875850565,3.2234473921957276,1.3942510381001794
15.700000000000001,1.630208458671142,4.460159446119141,3.3207255060148837,1.5564679727662318
15.71,1.271768744566419,4.705558835306205,3.1687364691411966,1.2100900183837098
15.72,1.4991652688431754,4.554428338596811,3.1342685346372994,1.408538386530003
15.73,1.217352466567353,4.535104914590065,3.0639402014195687,1.3265204409093496
15.74,1.5016599257990157,4.311867855000654,2.8996837579733965,1.4362648461232799
15.75,1.4175545148818238,1.4998190467328478,2.6746480579606144,1.4432776102270715
15.76,1.1661497536719427,1.3292158589152716,2.8199209273822525,1.1268392088501504
15.77,1.6237439062765895,1.358745553331714,2.8953224502615136,1.7207204862451122
15.780000000000001,1.3334461347774198,1.3317437455500851,2.578119461075644,1.6011382493270205
15.790000000000001,1.3433394881179606,1.2934945857745714,2.735590565207805,1.504620609096229
15.8,1.5345154681257882,1.7800354850179279,2.978135748481651,1.8573851901275535
15.81,1.7216264997990884,1.65905882619129,2.769470472327343,2.00846768166572
15.82,1.4129687498118932,1.7488694993377192,2.805492337533389,1.6236150317871303
15.83,1.6326122508334935,1.2696082214355737,2.5355282421200376,2.2361325624390824
15.84,1.743332026431283,1.4669303950587205,2.5970198744916315,2.1517265312012612
15.85,1.8428455021914645,1.25884173680838,2.222648807262594,2.308956670346743
15.860000000000001,1.8216296815594981,1.3499917758452415,2.1703072565553803,2.344181430881007
15.870000000000001,1.800994647040226,1.3160769835753363,1.7627177791502326,2.812085006573495
15.88,1.7983597789825345,1.6450686981406488,2.3386634995103934,2.346759408980784
15.89,2.021591169463979,1.3956520008550257,2.331177384655562,2.546514675624504
15.9,1.9149055643667894,1.6189646837042615,1.92380008544202,2.6839324693696485
15.91,1.7005937193404823,1.5481780110471721,1.907335995768476,2.708091909212637
15.92,2.3289843251687934,1.8073078473188797,1.7603125784317069,3.1276838097408004
15.93,2.4945373376032483,1.2304915080507717,1.8806412790862308,3.3307848946384992
15.94,2.060906354674478,1.6480646670162433,1.9365613206225691,2.958022693500076
15.950000000000001,2.3742887470587544,1.6308669259060462,1.402698081167364,3.4948971492672567
15.96,2.7340719910920095,1.3076525919553983,1.6889665520956243,3.551639445682629
15.97,3.0647249673566015,1.6096263498260637,1.5115226121615866,3.8470069223099137
15.98,2.8364557246682844,1.5073190359775999,1.5098996655323018,3.930371413571229
15.99,2.8165707877505035,1.4213822662317774,1.5010119682455414,3.8941734361348352
16.0,3.005639090286905,4.3798897667941254,1.329925604481352,2.654534704645259
16.01,3.3579309228982694,4.395872860600401,1.4090999743717836,2.827872180151076
16.02,3.1330154724755492,4.818057412472017,1.4564317995745977,2.5748239397478723
16.03,3.208328215423585,4.505621429470377,1.715250040755579,2.6595401543864265
16.04,3.358152344176808,4.624770680526538,1.6904894463818518,2.8021553349156614
16.05,3.3795389290216002,4.384926866284166,1.7234624977421213,2.8030526930971607
16.06,3.648241234836491,4.386611144556033,1.545132252202095,2.9374783900389403
16.07,3.9832668510019675,4.670490310159812,1.7562743204769675,3.0631198382158433
16.080000000000002,3.863693163724817,4.299743980802582,2.0302958936535536,3.235185245351732
16.09,3.8580998978661794,4.442208612908306,1.9549842131555133,3.2024989145577814
16.1,3.9354876687064926,4.510705564733568,2.1219271190433027,3.295592576667349
16.11,3.810572926825061,4.522498583837466,2.368130959213068,2.8840271078738375
16.12,4.280826358464365,4.478210506987173,2.3145591583286187,3.4864558118153925
16.13,4.197538530247081,4.5658689729426385,2.2254462990760797,3.504637540968079
16.14,4.247956795542946,4.61115880789767,2.192093574173348,3.672385424235037
16.15,4.853779270212733,4.6175293842521405,1.9237392524155341,3.8686714416108674
16.16,4.444176411015912,4.355209289687217,2.378767247243652,3.9326446021337422
16.17,4.326391673556559,4.462191463599095,2.418364991803968,3.934836420563341
16.18,4.424815359511373,4.687685868357127,2.600754048255185,3.7562385599569605
16.19,4.718859195043841,4.641926463728343,2.5771836158855406,4.120174332813971
16.2,4.586307196727935,4.29619392564642,2.615335117157443,3.8651332874801385
16.21,4.364475401425099,4.559108357893606,2.442318073383023,3.7941841689379663
16.22,4.766551460569139,4.203892253770819,2.644810893332723,4.217085592724926
16.23,4.526535670871732,4.512673602904983,2.941602120652557,4.184448149918154
16.240000000000002,4.94569932459116,4.794874710303058,3.2094166762450715,5.0
16.25,4.821022353544313,4.360989690778451,2.978496186449913,4.605206006615579
16.26,4.571657340262874,1.32885478438131,3.113336038755542,4.297697900958786
16.27,4.840705136169396,1.5725597288932804,3.2807416549255626,4.496974680932662
16.28,4.629325439091123,1.2208312596457387,3.0579998990659565,4.315116909775383
16.29,4.7337515551337646,1.3595883753801141,3.3157589124337714,4.59466830782745
16.3,4.646180228664402,1.547007059612055,3.200202661133195,4.5388530947832155
16.31,4.3973330769616865,1.359354967673284,3.527822160613846,4.030345835325651
16.32,4.389807893203761,1.4200872059078276,3.476616747797157,4.2710555947682565
16.330000000000002,4.6135778989613545,1.5695340525827115,3.56599117705109,4.386816228443589
16.34,4.342063099185454,1.5203403632983363,3.454724146409927,4.335384585736106
16.35,4.2740471498154715,1.496748636994184,3.763443768447967,3.932936634396799
16.36,4.123098386663102,1.4043593120493059,4.053873425649642,3.7193367735255896
16.37,4.278361000621025,1.5124903184756913,3.613964219646737,4.06605048459746
16.38,4.470926780969074,1.437200315252995,3.788474323232747,4.404345820050355
16.39,3.8904640285993395,1.5258689460474564,3.947171920777379,3.4417224241152087
16.4,3.9864261146484923,1.3802976563847338,4.103162752938557,3.5189557859526555
16.41,4.126399176326097,1.4282293949468199,3.9486171807772608,3.995119966904485
16.42,3.79878186513787,1.305124756346037,3.6425355770011305,3.5217390131721906
16.43,3.794312187085229,1.4507284536701395,4.392792314091965,3.486361000877038
16.44,3.4572303435687943,1.3324107771136502,4.3603322953368036,3.157693612963541
16.45,3.6022336545530877,1.286204641271729,4.016679259060745,3.2538256140640898
16.46,3.4057976063714754,1.4955048804563393,4.267522706632139,2.9149276141366247
16.47,3.4960254092868874,1.4885031313899746,4.688337649649316,3.3282280330204617
16.48,3.4285184222119685,1.5754329146718224,4.734019757395313,3.0944268444546186
16.490000000000002,3.5537165678649347,1.3903313350100353,4.716186263970309,3.1461724941307656
16.5,3.12854509401743,4.567734179771256,4.599413140920291,4.348708007701706
16.51,2.986424198135814,4.589498833233828,4.576393492541115,4.02913948969795
16.52,2.8644353936294293,4.573333118635155,4.4760950412729335,3.7889189626012936
16.53,2.6761698240361174,4.379627789080347,4.616461748714217,3.615681249153285
16.54,2.6888329882547746,4.5282911505665755,4.223693339511721,3.419456066941778
16.55,2.489425729668688,4.561038720814685,4.169786370729014,3.0048799727401305
16.56,2.4689212596347594,4.506611837530807,4.401138372587051,3.321686919776759
16.57,2.561212293855975,4.187386732035561,4.163486312788873,2.8114338524988574
16.580000000000002,2.0963822833974324,4.529987581855259,4.330591600070576,2.7064994835586718
16.59,2.3551905018604247,4.842867586078476,3.9303246793250395,2.737974311707764
16.6,2.300010175745349,4.450621209943033,3.9657337050764268,2.7976054842312
16.61,1.9886758167241232,4.39450554061147,3.758633117152778,2.0998524751420478
16.62,1.5897476852359076,4.562442728331373,3.845185543088982,1.7057567429024143
16.63,1.7621829787482632,4.553146423205253,3.5370738970390647,1.7796533020732772
16.64,2.002242588312078,4.687376700290457,3.633614756856986,2.2829984593083914
16.65,1.7274434760278174,4.313726942657592,3.413283060772454,1.7470179443392315
16.66,1.513145076332854,4.61703273647313,3.695951810351976,1.6438811090100072
16.67,1.5413099710272253,4.595540480437208,3.6343046529908873,1.6513346233085082
16.68,1.712193650854414,4.483843872184893,3.169198441720131,1.7026407670702173
16.69,1.6246104797103964,4.557157840123935,3.6044553406927298,1.8324474094859764
16.7,1.463675795855137,4.662481334135286,3.729197423804508,1.9208267812195823
16.71,1.414812078160415,4.638521475901779,3.2633467638561333,1.2188475281172924
16.72,1.3887046922934774,4.3312382396879965,3.0857377582505556,1.3291210712234889
16.73,1.287333091268012,4.630568935212854,3.586556699816333,1.6531501359016976
16.740000000000002,1.6868492256025918,4.4956540812188575,2.8442924114173453,1.451031455731051
16.75,1.371347039167468,4.516628618470943,2.997714362531508,1.1516362200403836
16.76,1.6226638091992491,1.4672266859991114,2.958425109106191,1.6374914873147712
16.77,1.6812176306880087,1.4331582206660136,3.0834932845404284,1.387191593086211
16.78,1.6127587202180718,1.6377688442828373,2.8571512933901846,1.5247986811258354
16.79,1.4043681490478748,1.4433014620168365,2.6515638501665855,1.685923461918707
16.8,1.5672613353250007,1.285366091263852,2.5122778910179973,2.005080793682622
16.81,1.5325870068580936,1.3960636496422882,2.5464826266613687,1.8326836787692367
16.82,1.4310404623696384,1.4833121941416332,2.372470352607518,1.8433170846480256
16.830000000000002,1.6749514316699683,1.6434876763133208,2.479440975295166,2.211071294664233
16.84,1.4841746276242929,1.5480215430004822,2.3141013391601035,2.180670278397369
16.85,1.9225618644882103,1.3263828637020731,2.09683764608759,2.751642766620307
16.86,1.7183025710490643,1.8349894178328672,2.4806369613621513,2.1313319863550273
16.87,1.89257621064565,1.496437122549135,2.1289189430558135,2.6690922395768393
16.88,1.9774132667155793,1.6505282421034113,1.9376936197916312,2.71870747268812
16.89,1.9659755248009247,1.4329338657162558,2.0520365654880224,2.7383365887995392
16.9,2.1822794579587903,1.5373888020266104,2.025346005503044,2.980226967072444
16.91,2.0949167688115846,1.584062063971114,1.66349543478812,2.987881981599756
16.92,2.3990561584064323,1.6418074176607351,1.937658407788318,3.2467954028861667
16.93,2.131891746717628,1.6172858040481044,1.6470450062468551,3.162296320626524
16.94,2.4621384984074672,1.5890522614156524,2.0323151589009676,3.172128108543918
16.95,2.849559443102838,1.408024073553133,1.7730268978725792,3.7345635223931772
16.96,2.4730401600797736,1.3688905718452526,1.5567403725351219,3.6798774803475607
16.97,2.6238536025741634,1.5067796715144697,1.4349817896927783,3.556683177665943
16.98,2.9159368194823663,1.5983425778806486,1.474224622961878,3.8425803827140994
16.990000000000002,2.962857055558305,1.422107358505324,1.5261386054011825,3.928336513594212
17.0,3.0916339339372714,4.667926812894663,1.356508174922804,2.7008225265277632
17.01,3.2151738036809774,4.727001509643037,1.390545086445369,2.5576420008899694
17.02,3.3394388716937646,4.365803523617554,1.500910069100029,2.8130099626580463
17.03,3.51600710980421,4.3779098775656315,1.4580682083552416,3.052238165448587
17.04,3.5020172491661405,4.4841139739727875,1.5660028000574147,2.849525372728428
17.05,3.4943119078556455,4.5524198087828225,1.3466569013171248,2.837561342641218
17.06,3.736875730133059,4.42553524375996,1.9118578958223984,3.212221637696359
17.07,4.0276246816554675,4.711691120022394,1.8669412907998326,3.1368800716870395
17.080000000000002,3.7902404544492594,4.57017587755746,1.7571114406629285,2.975472820009232
17.09,3.7416981998666183,4.51153191067738,2.2590325099142694,3.053171329425034
17.1,4.160963787334355,4.286580519812313,2.028392129886602,3.3409804927664544
17.11,4.043127786661856,4.3048915146143205,1.910245410703451,3.233810884536883
17.12,3.788289914187639,4.5483635175965675,2.2848462559327816,3.178671615219101
17.13,4.346673552027502,4.180355007506762,2.2752578709066187,3.587275929466615
17.14,4.190761662045304,4.659916734734642,2.340041493014768,3.634577502114716
17.150000000000002,4.324515662610004,4.481403197070244,2.2713689069560328,3.6159054273800604
17.16,4.449532071439583,5.0,2.4798772541931546,3.5092814722156587
17.17,4.478271922908805,4.857411213251238,2.428862562238062,3.8062548267888348
17.18,4.607887325992914,4.477851314538757,2.6278050079396924,3.857370571915625
17.19,4.4635579471327205,4.489303843505638,2.291106503138561,3.607087244974285
17.2,4.650753440810661,4.657316178693033,2.59679387929459,3.861009934886938
17.21,4.554465601051267,4.76520440327489,3.01438662049586,4.164530442238334
17.22,4.737471263911051,4.255762837459088,2.6730585984392055,4.05032143493057
17.23,4.733414557662947,4.233144081138077,2.7650765091868483,4.120487057601834
17.240000000000002,4.492981725703025,4.410674080200184,2.855893249914495,4.019064597116849
17.25,4.821978815318815,1.5449176436145091,2.795959755074877,4.169696278355929
17.26,4.557369923219053,1.5318257409920195,2.6990004699968964,4.160614723079831
17.27,4.764472756635898,1.6191769439987023,3.08745775414345,4.023535453102911
17.28,4.677588438442242,1.273145202262092,3.2126763127128606,4.113470020242192
17.29,4.892581852433041,1.1029177734878908,3.2472523941455935,4.2513955273135595
17.3,4.532031371125884,1.586889772889231,3.2975110642262764,4.110189228368613
17.31,4.4774469264459755,1.3297889490621544,3.3935627638489394,3.872520023781616
17.32,4.490406414884092,1.1483021450667747,3.618988537252714,3.834661422028137
17.330000000000002,4.398699708617984,1.4781843939798864,3.4861171650456857,3.9110430287930824
17.34,4.5249590260875365,1.57700367984178,3.488790579723853,4.036065286413008
17.35,4.078587910800392,1.437455790339727,3.602002871677736,3.4860535823133993
17.36,4.107212320325087,1.3862568387985394,3.807933301378094,3.8727526608854386
17.37,4.037973932686629,1.4317677863035885,4.0093231753902305,3.631924483945587
17.38,4.291657432726469,1.3995624517029086,3.741359290011208,3.8221726756031305
17.39,4.338251041040834,1.2505259617406577,3.9254962753844906,3.827338668333933
17.400000000000002,3.965687047760519,1.3470969623805225,4.029962509032261,3.5551573915095145
17.41,3.8715637121768505,1.535547034201982,3.8778703564431547,3.4931909321390795
17.42,3.822909762867989,1.5051133036600932,4.1087193137055,3.3980685286255774
17.43,3.908671823327367,1.4816906620786514,3.9312785232949508,3.5583367583923815
17.44,3.478996416455299,1.304333318669231,3.9470644559064145,3.1518081523270784
17.45,3.5716190604866958,1.4283919020662466,4.36135180628453,3.1145952578337353
17.46,3.5931461297262195,1.1241234764405459,4.304068859969549,3.235681699864443
17.47,3.417910865946065,1.4832789470543137,4.465182565120671,3.097402264046108
17.48,3.2676903660899965,1.6739277435963116,4.494561522468829,3.0599736909969684
17.490000000000002,3.2976762250470624,1.2313014561700273,4.403315412223662,3.007634584782109
17.5,2.5994064643029837,1.3667282622315247,4.620792168872801,2.2935069524870517
17.51,3.043172975412518,4.555697070801034,4.361376686282165,3.696545916236554
17.52,2.7276789659613208,4.696541439859882,4.724736091501966,3.7384926643446583
17.53,2.4380288882104715,4.43717536440388,4.210602388204697,2.9118072539269018
17.54,2.716672132700347,4.399968139671756,4.334798093094953,3.305207327724273
17.55,2.7584480538392375,4.205310569815834,4.131152622929154,3.177627809433993
17.56,2.419614173951243,4.521288794512238,4.329277050112919,2.979020269881522
17.57,2.502425534454389,4.8168778762775695,4.116586088400974,3.267901592217115
17.580000000000002,2.5184889082816078,4.547806872562264,4.020646151498264,2.8705511823782235
17.59,2.383403126848486,4.502120385366009,4.179425728126401,2.8274686051374465
17.6,2.3520476788661995,4.554626032203471,3.9794913945035564,2.967135985478688
17.61,2.1273238810350654,4.503826092099068,3.9937400116861865,2.6939342811008027
17.62,1.9439109179371057,4.381554937093073,3.683657930880564,2.2517420351541455
17.63,1.6019449468796934,4.631044913207756,3.54911958009117,2.120552058233118
17.64,1.7535296595274636,4.539939755298027,3.730797334358536,2.3624344922547236
17.650000000000002,1.5952132712644214,4.508202855898358,3.595840201197899,2.08210131691711
17.66,2.024131312551569,4.356800764918031,3.6849258251535315,2.6783401601460133
17.67,1.5943209561398874,4.704266507384784,3.5041763353339572,1.9863462148723658
17.68,1.5965592728374296,4.6068662463669225,3.485385491459581,2.226326513085045
17.69,1.6253763853238024,4.421212063739755,3.1213098138567976,2.1104015542335928
17.7,1.509215262462536,4.658268116665987,3.629705237269014,2.2491373645331225
17.71,1.7471491668019563,4.429651419683113,3.228997306558665,2.1276886806614437
17.72,1.35148919834356,4.3862832452616765,3.304448896731902,1.9119226611880666
17.73,1.467376163193988,4.389683440492316,2.9885329572540735,1.9729371273826524
17.740000000000002,1.3068069850782615,4.235477965210114,3.1101010101831688,2.0315564038028313
17.75,1.2105354869410596,1.527963426586386,2.781576390033427,1.8518739410043281
17.76,1.327873705773357,1.1768668094181027,3.0029360712777526,2.0164490139540314
17.77,1.4300392928600745,1.2687621799189301,2.8055714777427907,1.9475723610975577
17.78,1.3826532653147023,1.1395959399300566,2.80314773321788,2.078787714635779
17.79,1.3623317911563495,1.4429428872789223,2.8470604074404124,1.9514621856660246
17.8,1.2755143562595066,1.4331464083922414,2.4663111908066124,2.1744805010768324
17.81,1.5230917841228382,1.4062539461339378,2.4904987188942567,2.3861267711903547
17.82,1.3341671314841244,1.297101665255704,2.6116933669294786,2.210514317766898
17.830000000000002,1.7451778687994988,1.2773326742843818,2.8144257105799104,2.594882588311612
17.84,1.687502349775801,1.5268698145899517,2.3837179512004756,2.4740163625118603
17.85,1.496198414105784,1.3721220920543118,2.4375042187634732,2.441276023472111
17.86,1.7433515697226403,1.5043021161306374,2.258100214930793,2.6186456563916334
17.87,1.7389188769415385,1.3210900216740624,2.5275420691470973,2.4444598387391956
17.88,1.9831975448450803,1.4836732531178245,1.8594228352411006,2.8482705367847165
17.89,2.2237627365922052,1.6547802899726745,2.0949847767504877,3.0029650916217774
17.900000000000002,1.7854710725259517,1.545440352664079,1.7486015006007372,2.865591942025043
17.91,2.190002789005155,1.3931843636088268,1.5393128373493634,3.1331071204100547
17.92,2.232808253432582,1.4952819385123963,1.9320733120338138,2.8990442124882208
17.93,2.457047261843278,1.4193713186858488,1.840915557721109,3.158025900387768
17.94,2.4761318388757823,1.4572676654454495,1.7062393625981542,3.2488523846063195
17.95,2.4158352256126028,1.4064194034134823,1.6700750014362682,3.3831071460543347
17.96,2.582849772367796,1.4310095442754713,2.128260859130261,3.015045504301843
17.97,2.6047888596746835,1.4884045696544725,1.514544511088375,3.355312667940751
17.98,3.006537074221459,1.3046062113508479,1.5747156687379578,3.5654036692924573
17.990000000000002,2.9373467681877345,1.3011725099130649,1.3199331628217899,3.4933959502825425
18.0,3.3415562997677073,4.293802682909959,1.4089070977667133,2.874037722855988
18.01,3.126548244512025,4.261519889136567,1.3871019669123237,2.8294813329848596
18.02,3.1229508549403717,4.319915112133503,1.4243050767818075,2.79437283384042
18.03,3.0931601099682293,4.529830974672836,1.8538877019022773,2.8419144653602944
18.04,3.1453283284388385,4.369391721865715,1.8143975986149092,2.8520969375217624
18.05,3.277864178058746,4.583829429627278,1.7097655941209406,2.8087055241253163
18.06,3.6715249873846827,4.510810212395504,1.3763227278823795,3.021553911393974
18.07,3.8033953096228905,4.205374444988836,1.7591449150028802,3.256327520913474
18.080000000000002,3.5567592318818213,4.605383121227856,2.3250840598042934,3.1903040361464994
18.09,4.043038738528242,4.629141862027665,1.9111410203657113,2.9729093170834826
18.1,3.9046616573976167,4.353980533746219,2.194414609442858,3.2114452462017224
18.11,4.086191439073598,4.569584997812948,2.31510423374654,3.1474873021631056
18.12,4.398345861056239,4.374924840931649,2.1806496164425595,3.338035322728796
18.13,4.3546387829827715,4.520409370524157,2.0726933703921144,3.3329231800818966
18.14,4.233764607230504,4.312716011318826,1.877706091837576,3.286756000259833
18.150000000000002,4.1954638996344205,4.232117790303282,2.452702577029566,3.3724054396610126
18.16,4.049189052941328,4.447148202078742,2.273165973682874,3.220488236474548
18.17,4.33165228638342,4.486652049350305,2.5004061728293667,3.3089885373599857
18.18,4.459506122849708,4.4448820780717675,2.3327875625453776,3.3569004938465627
18.19,4.374634973011251,4.324985150071091,2.5589946305627205,3.3961873365763857
18.2,4.546893799237689,4.444543685276375,2.673187095044355,3.6015490497444427
18.21,4.608686974176505,4.546577378163592,2.776910111977073,3.6291690523100884
18.22,4.582145632440455,4.498672363167206,2.6162439548122025,3.506696976812435
18.23,4.529459753824546,4.533343717333936,3.059275026956103,3.615921034239771
18.240000000000002,4.6709416393863386,4.4033431393886335,2.8315611563520076,3.725182355251558
18.25,4.718170961288132,4.6841721463090265,2.7208619761691875,3.7512963511610886
18.26,4.4680049115319385,1.2767319959679615,3.041967934186541,3.600734637501413
18.27,4.861645252191782,1.5304057193185023,3.1307460363898496,3.702738448749103
18.28,4.602497729582927,1.6362721120298147,3.21671659318714,3.6986623548791484
18.29,4.599338057292773,1.529391440705182,3.4783696629017546,3.4842282882433766
18.3,4.682201427815638,1.4251867665195768,3.2825507141551244,3.6108256691950964
18.31,4.5713407147022185,1.3755153513105278,3.3669880052074244,3.6862477370161595
18.32,4.64716491788854,1.614041088241097,3.271647753448928,3.7525646380560103
18.330000000000002,4.493846045071185,1.2391015263602305,3.6512898622070558,3.523636755357815
18.34,4.29730899207317,1.3081488257352853,3.612693281437326,3.5238451007337757
18.35,4.3973758328997015,1.3954495039731127,3.5793096322299465,3.4588818130564287
18.36,4.092698887722002,1.6447743881483192,3.402104765747698,3.5054053601291972
18.37,4.227582344938872,1.5139702965293946,4.014614146431908,3.407288006719098
18.38,4.133128935565869,1.3084657402326183,3.6434096897571706,3.4072239372655484
18.39,4.028986377268878,1.4087527438441556,3.8127324978237396,3.3286282516182255
18.400000000000002,3.9618044499418605,1.3623987321595037,4.033227908769506,3.288893216197049
18.41,3.5954546424271863,1.347842810069508,3.84454501100769,3.0772803363564245
18.42,3.723174073196803,1.6053199487528027,3.8613805660739384,3.314398121325006
18.43,3.7363629440896795,1.246912969359279,3.8237326477713247,3.1575931542940183
18.44,3.654234958765483,1.701361086246314,4.35387746088426,3.3424654303971217
18.45,3.3675556105382736,1.5823484531980627,4.212364247209445,3.1715201122603753
18.46,3.639971129590592,1.6223926231280847,4.8450291875946485,3.103565016610381
18.47,3.1975317909692658,1.385480581816973,4.269681507284265,2.9129144377394356
18.48,3.393392226880386,1.4332043085033708,4.346942496593183,2.952168716046265
18.490000000000002,3.205181688927739,1.2375498300193741,4.470463946925602,2.8517325712692174
18.5,2.9309585212802967,4.425520698899508,4.667907892451275,3.6312374025106013
18.51,3.2200597718150084,4.580786135824633,4.48601561162991,3.550091119752866
18.52,2.6407114524366007,4.703131368986739,4.597525278160482,3.3488998205128526
18.53,2.8812449070964554,4.336706286086862,4.272257397633087,3.298383983784325
18.54,2.7955513058896853,4.44978769305322,4.141066234014704,3.079000177151008
18.55,2.4289472351472554,4.482448339148609,4.007649944746129,2.828739796010685
18.56,2.6662086530180993,4.292697767895653,3.8728063395052112,2.8790966094094146
18.57,2.3085363821734175,4.595681850021051,4.086094047617019,2.8031255947792073
18.580000000000002,2.3051509680113744,4.395128660295602,4.056210802422418,2.6078543168316495
18.59,2.2134218416413196,4.475725651617825,3.936871986470653,2.852064124669248
18.6,2.0660668682192966,4.436607441386943,4.177825341782684,2.9992246533686098
18.61,2.1383939828396508,4.385164857033034,4.109963099198136,2.84494415022328
18.62,2.059648430142399,4.504443151358134,3.789284016087435,2.5551397436732364
18.63,1.5783211284282075,4.472642774291892,3.4855494466628043,2.289710189311104
18.64,2.003426581906547,4.448819195704537,3.6206963712512463,2.576392571430166
18.650000000000002,1.4631657082543121,4.3944469112801645,3.549935731152483,2.1880138081926246
18.66,1.8406423522993993,4.55423606229205,3.4752218451145493,2.5617605233124823
18.67,1.8042750943961128,4.757648573593269,3.4032411721545404,2.57180837799743
18.68,1.4008567954752063,4.5268462825731515,3.345121278272391,2.218568881607311
18.69,1.470271057121479,4.657398010853653,3.3233794603580136,2.4011468929231707
18.7,1.3239677102444354,4.293546624868222,3.217348769908165,2.3802120125708406
18.71,1.4392961601238352,4.529571608557793,3.2898652602926566,2.505283098675827
18.72,1.4021994673859555,4.338198763392537,3.2493556566121815,2.5726453282857498
18.73,1.5616761540638904,4.28032679628853,2.9763527468162563,2.256481745893259
18.740000000000002,1.6376779433686202,4.392783468332642,3.267440783501358,2.6927990640246935
18.75,1.6482583046212347,4.687249258999198,2.8343111736169355,2.332234500352248
18.76,1.3358685016248721,1.6009174972909932,2.6647700374202206,2.264081606996338
18.77,1.4022861678910599,1.4931177051615747,2.925938815191946,2.3310381266396405
18.78,1.1805091950638134,1.2223713781439995,2.6648341589842217,2.2735523358489313
18.79,1.3440458471067016,1.4261387404755952,2.7855196621825735,2.340514331691007
18.8,1.6577039950366277,1.5020671257037934,2.274977384771686,2.5094539818493815
18.81,1.7968896779189003,1.4828306115132217,2.829821324685071,2.5461388877328703
18.82,1.3777461351425104,1.1749382289866237,2.6468140805143614,2.539105805435769
18.830000000000002,1.5271760332866946,1.320317113591702,2.226486203357197,2.6320344471710024
18.84,1.669958419161415,1.4462960528996172,2.164681113850954,2.6921341576380557
18.85,1.776286314236189,1.5378358004603574,2.614134463796211,2.7010039990110624
18.86,1.6626970218762485,1.1212169264214344,2.155106848613011,2.8155616640731607
18.87,1.9285038892345288,1.43134669623226,2.073941034542832,2.673875160680417
18.88,1.8553780316132644,1.477877165422112,1.7746585944848554,2.997120237568195
18.89,2.0053768860612315,1.585608666925722,2.02221739977239,2.8781229338100367
18.900000000000002,2.175766167672829,1.5617079218900165,1.9769719263811725,2.9498314496221143
18.91,2.172497816155829,1.5448922928614246,2.0657196378796523,3.0464001908848672
18.92,2.1882812432258127,1.3340971780293391,1.654899965454431,3.0279639215568035
18.93,2.3311722438655647,1.1651481865518794,1.5697472277963858,3.178468034449053
18.94,2.4275258790765903,1.3961363941333744,1.8264510711747446,2.965429400553597
18.95,2.477400006299651,1.6087875203293662,1.8518996720922893,3.068852918313512
18.96,2.592562253331961,1.6685297301278101,1.3653862963031433,3.434477972715138
18.97,2.9907669076103014,1.5644053929078194,1.7334170636602835,3.3168400281269115
18.98,2.923514240169206,1.5215288471349078,1.497507208355603,3.2838421734014847
18.990000000000002,2.8862856239252155,1.5139507819242242,1.6043979104459654,3.309462534464092
19.0,3.1474551578637393,1.371273305522042,1.349200999056154,3.428756277956922
19.01,3.082519998770676,4.485686692633605,1.013944831325211,2.7491981857064154
19.02,3.42621973981761,4.760004618799568,1.4665460221369395,2.9222491328435822
19.03,3.3967231809521166,4.361803087884837,1.7299256830176395,2.847826224142759
19.04,3.4186667144523133,4.751726771527651,1.4760579732323336,2.9824381202451242
19.05,3.60536216841255,4.4564168617765425,1.6240405104676743,2.9741575992872855
19.06,3.3752721269971357,4.707609342763716,1.7239988531446684,2.877815013071751
19.07,3.5397834543379743,4.291016634849195,1.3444151524442463,2.980630668334116
19.080000000000002,3.619179468602375,4.594851630752003,2.1565327058621673,3.0959734015025977
19.09,3.9218145708437544,4.393180090854663,1.8015627051406158,3.1614619211833515
19.1,4.26177250699206,4.289727908971897,2.0968005967068306,3.2625380982310133
19.11,4.422176346154427,4.538837762825947,2.065361153724595,3.3105588876248544
19.12,4.241327325318622,4.65943406439502,2.350340540065089,3.158166250358256
19.13,4.2908115656765675,4.376686935612139,2.276566167470759,3.3723464614791694
19.14,3.986748915980612,4.276958519984071,2.2371958471117788,3.1566328428480697
19.150000000000002,4.251638776154094,4.491513512138054,2.19494841238167,3.2824086629075273
19.16,4.269046322540158,4.49218583005794,2.536626587707221,3.3050126976135923
19.17,4.347497393358949,4.58912101466332,2.1655528567138114,3.2984570165622347
19.18,4.466434757525038,4.65030443190347,2.642500476118216,3.380836664850126
19.19,4.4576580099587915,4.49645813363023,2.4227708636409018,3.4519769782100984
19.2,4.249022665676826,4.788430655545805,2.8722708386291496,3.521847826996157
19.21,4.7168494656602835,4.539706963462608,2.7593808823394568,3.7270725876452317
19.22,4.445481552478551,4.452696782704246,2.9036128341457004,3.369155065604432
19.23,4.672790705887552,4.259797520299314,2.8771239361205936,3.7746208103441004
19.240000000000002,4.978062223566024,4.46546894930853,2.6427835218545983,3.6604048775480003
19.25,4.498749915828146,1.4047763754004121,2.853807298646212,3.739716873181882
19.26,4.235920896292499,1.6024862825044122,3.1696317249795447,3.4027537714537983
19.27,4.588129716042584,1.5265822148310262,3.152357445953051,3.6824243661984863
19.28,4.795843167703882,1.27624472644156,3.383425149115882,3.7337533353325965
19.29,4.911950083383298,1.4823302204897226,3.321715672316015,3.5958571241510158
19.3,4.369868861162104,1.558456229216791,3.1632451714648373,3.6245913815602573
19.31,4.6138094310338555,1.6890490039618,3.256473465998158,3.8539014397988938
19.32,4.4185368618147844,1.5913861538850367,3.4686953736368102,3.5804495381359285
19.330000000000002,4.430489853204525,1.5720743893365352,3.1391730527800448,3.824400392435046
19.34,4.822243232015175,1.465227618838987,3.8559812737945642,3.76042628403113
19.35,4.09685631719408,1.5152730783876964,3.720102566277228,3.4816904043300574
19.36,4.317945149717225,1.6465813622691963,3.9137497009155893,3.3274465093803047
19.37,4.285468174265036,1.2528541741680406,3.520400271151711,3.778330621916857
19.38,4.31349415794557,1.402786245355359,4.047314260476606,3.6018247875789577
19.39,4.078324171311101,1.3382706199868333,4.273905416652683,3.3845248266118086
19.400000000000002,4.032174559653434,1.513876599502329,3.758883838187566,3.2656351060807087
19.41,3.8356480487925637,1.6436412758501735,4.166061643539142,3.366029253580357
19.42,3.8549970221223133,1.3650439568260369,4.105564984327828,3.1329683273766586
19.43,3.666081625368059,1.0916103316463528,3.9184110612469705,3.2212531376567424
19.44,3.7286551591572876,1.39321380197234,4.316609362036214,3.2898354262297995
19.45,3.4736237734595163,1.5953458303309884,4.437624823173155,3.0087178960851917
19.46,3.4967436560071947,1.5380399602145056,4.268575211416712,3.227504006324027
19.47,3.3324268976071267,1.5213528061323265,4.622617208836625,3.0779482086520975
19.48,3.4186321987532593,1.4133748584988968,4.225176626683352,3.1272607205066927
19.490000000000002,3.128041932107255,1.261049065107168,4.318628665325145,2.8183735517838064
19.5,2.749337878098955,1.534634396990052,4.650502302021668,2.4769131738259964
19.51,3.1373106728545332,4.378312236448394,4.566982707285591,3.7253776121406244
19.52,2.687116463709107,4.83853213469833,4.380414490124766,3.3046699156970814
19.53,2.6277185250158306,4.592504011869046,4.564402868743112,3.2173248569556296
19.54,2.538265661295691,4.416984386189249,4.453519818120878,3.2992506169627456
19.55,2.758573702900682,4.412297845577837,4.441633385416261,3.5066866752222805
19.56,2.097536276060845,4.491345877361194,4.215966648403533,2.7297091643301234
19.57,2.854587765648821,4.468999847563165,4.269180815524155,3.527302931056594
19.580000000000002,2.4288360552086425,4.67580382120053,4.0325752535532216,2.9423873172611326
19.59,2.207444743848912,4.533940668615212,4.375577294043949,2.878887058105467
19.6,2.07886709033842,4.393963555396464,3.8419329875496735,2.493171767090824
19.61,2.0537324913463637,4.79375764578299,4.25328717183306,2.9763124973579975
19.62,2.015747902355298,4.513035485766529,3.8496825003288233,2.4728569387371775
19.63,1.9641500076153813,4.6227442705881785,3.553907474781086,2.500724654488078
19.64,1.882743895676735,4.4127794667378915,3.9367929744237804,2.391890011314147
19.650000000000002,1.7455681828394929,4.560882487016091,3.6685011379194994,2.3033216094133153
19.66,1.6424071606074238,4.552953054560609,3.721634598572948,2.302549006392935
19.67,1.5982880513150852,4.217397656575615,3.7171796428887,2.1738052979522173
19.68,1.5452851878179845,4.812791469965589,3.5070948784543616,2.1806002203950925
19.69,1.7192301671655827,4.702305181051711,3.28977322207749,2.2616876823108196
19.7,1.5978579604210026,4.444955932343561,3.48058846289534,2.3205009527946014
19.71,1.0,4.3374514311197405,3.2559538735688554,1.7217381404919492
19.72,1.5575683920068988,4.558510926719618,3.302532639340117,2.0117122550180113
19.73,1.4673969136735763,4.5187363383403145,2.773262889424122,1.8445579594236823
19.740000000000002,1.4234643219419363,4.55974707279093,3.1328056160624715,2.0205423142367405
19.75,1.360677119598929,1.485276449224233,2.8901001034225997,1.9355156968627352
19.76,1.6076665063662188,1.533254012250851,3.1991896904084953,1.940469917459578
19.77,1.5887331105589428,1.676740556066628,2.9655262425605122,2.130489280506726
19.78,1.3272751082912935,1.5426863025557096,2.8375656236834557,2.0749497280210107
19.79,1.539547027021118,1.2960224943366092,2.812479664999332,1.9604809266740741
19.8,1.3455738164993296,1.6638195974409227,2.5045573340708747,2.0549233831657086
19.81,1.314117367265411,1.7062148531058043,2.867528539284932,1.8694531786781745
19.82,1.4756853838041513,1.9366683075529778,2.862319099929727,2.0612814401166526
19.830000000000002,1.7616728271447628,1.2847641441107058,2.5358199711123017,2.5854189979234126
19.84,1.8278410956966198,1.493098995421044,2.6661104007736327,2.4076363647268915
19.85,1.813829498904639,1.1386032377431201,2.247942053546079,2.5810237839600463
19.86,1.9100628358474987,1.5404062204868438,2.145347824655742,2.6480992479730765
19.87,1.9433515252558604,1.372480651636459,2.216912604290453,2.609669987932458
19.88,1.8283571285691378,1.7493388544977546,2.215935011922934,2.602607588667593
19.89,2.0773244454940745,1.3379586273962403,2.0151581884384013,2.9141686642675566
19.900000000000002,2.21672657325448,1.1985120943918808,2.1020339682673264,3.0902193364925523
19.91,2.293040803277419,1.3842113653751797,1.998882082729786,3.049023568131434
19.92,2.4502501338862634,1.1548584792771734,1.7203762812104462,3.4929035404912647
19.93,2.4630051541801246,1.5705882088467216,1.9028831482319895,3.2246926523259654
19.94,2.4984154968512984,1.1411976584857708,1.8938542315723454,3.2202472614927156
19.95,2.70952799566303,1.4604051537299505,1.7154384317603166,3.614056960437805
19.96,2.6300007571216297,1.1392568698117456,1.8103888740048788,3.4375619361775023
19.97,2.590951584309062,1.4072295278694231,1.3578299384032968,3.549850866785333
19.98,2.806820704640739,1.7066362250961937,1.5678254754459826,3.6409644857004535
19.990000000000002,2.8138468607161964,1.5110550601565675,1.2348282088184797,3.962890566649635
